,constituency_nameA,con19,Lab19,LD19,Green19,PC19,Brx19,pcon19,plab19,pld19,pg19,ppc19,pbrx19
0,Aberavon,20.6,53.8,3.4,1.4,8.6,9.8,21.68657369904385,52.67942945301236,3.5637907298430402,0.9600763505591666,7.358283940972269,10.647540480699853
1,Aberconwy,46.1,39.7,5.7,0.0,8.5,0.0,49.63663117685705,37.55528979666894,5.634480812530491,1.291423494369862,4.274898439678018,0.9563227884146833
5,Aldershot,58.4,23.5,14.4,3.7,0.0,0.0,58.00810423238317,24.17695593232666,13.15017443592267,3.5671077348330544,0.0,0.0025416666666666665
6,Aldridge-Brownhills,70.8,20.4,6.0,2.0,0.0,0.0,67.51215828793366,21.256656649516636,7.624937548282945,3.0726160787362056,0.0028593749999999995,0.0017499999999999998
7,Altrincham and Sale West,48.0,36.8,11.0,2.9,0.0,0.0,48.14215716384305,35.775629105616666,12.32622693452379,2.442247661019546,0.13215416666666666,0.09171017818986574
8,Alyn and Deeside,42.0,42.5,5.9,0.0,3.4,6.2,42.95580438542662,42.048934520858566,5.405383408574682,0.8084605005702223,2.891714787344101,5.090681990852986
9,Amber Valley,63.9,26.8,6.3,3.0,0.0,0.0,62.22123220098751,28.658301792437896,5.286970623296941,2.920727315206884,0.015814158653846153,0.1494869971276681
11,Arfon,15.2,35.6,0.0,0.0,45.2,4.0,25.531838541666747,34.40222395833344,3.6039791666666643,0.5203541666666659,31.005098958332834,4.752854166666673
13,Arundel and South Downs,57.9,15.8,21.2,4.1,0.0,0.0,59.207648830569454,15.057456284862601,17.6696570950088,4.203392500629435,0.0,0.08122573953823961
14,Ashfield,39.3,24.4,2.3,1.4,0.0,5.1,43.565074377388484,30.37001506784653,4.361984787147713,1.5523833317723919,0.6379647509578544,7.847808859184343
15,Ashford,62.1,22.0,10.1,4.4,0.0,0.0,62.28678637181617,22.412276514505635,10.631646169297369,3.9400966644085407,0.0,0.000625
16,Ashton-under-Lyne,37.0,48.1,3.6,3.1,0.0,8.2,35.69599274886828,47.11664475334111,4.722884916001403,2.5816177594860186,0.17554410803272297,8.891403693588499
17,Aylesbury,54.0,25.4,16.6,4.0,0.0,0.0,57.15390260444246,21.105624546986938,16.93220785065718,3.351398107122064,0.01509375,0.003328125000000001
19,Banbury,54.3,27.6,14.0,4.1,0.0,0.0,55.11373177369971,27.48407766764218,13.142915367580105,3.6204323462473513,0.028244791666666665,0.007666666666666666
21,Barking,26.5,61.2,3.3,1.8,0.0,7.2,25.95627023809522,60.02609583333364,4.308075545634931,2.144584623015884,0.1327949404761906,7.006476884920636
22,Barnsley Central,21.4,40.1,3.2,2.4,0.0,30.4,25.35799978060135,41.220455708180644,3.8389913270757132,1.7057512973137858,0.17452083333333357,24.48911794108665
23,Barnsley East,27.3,37.6,3.5,2.4,0.0,29.2,28.629567401154667,39.4769967162635,4.0358843177349755,1.389155034349833,0.10864801918363504,24.13705509561414
24,Barrow and Furness,51.9,39.3,4.4,1.5,0.0,2.9,51.728959742628255,39.027366918124635,4.763225088906797,1.597426380454417,0.16761446822351306,1.8552038472633254
25,Basildon and Billericay,67.1,20.8,8.5,3.2,0.0,0.0,66.88005896889415,21.56508366157808,7.9052834084534735,3.215499235336011,0.0301875,0.00790625
26,Basingstoke,54.1,28.1,12.5,3.9,0.0,0.0,54.629568083607,28.497570201038933,12.325643982461226,3.4952077344210952,0.042796875,0.037291666666666654
27,Bassetlaw,55.2,27.7,6.6,0.0,0.0,10.6,51.8755092927499,32.28983926308574,4.917917504513425,1.0358630586121398,0.03605524440836942,8.209203756384483
28,Bath,30.9,12.7,54.5,0.0,0.0,1.2,35.51069270833364,12.308807291666692,50.04361979166656,0.3985208333333328,0.22667708333333336,1.115171874999995
29,Batley and Spen,36.0,42.7,4.7,1.3,0.0,3.2,39.12877493424993,44.105663687514145,5.312710296553031,2.117551650796189,0.29666594500384635,5.447583495620742
30,Battersea,36.1,45.5,15.3,2.5,0.0,0.6,36.998250818803754,41.89985336079309,16.863165321059558,2.1980627292937345,0.16505495495914901,1.0054880163444848
31,Beaconsfield,56.1,9.9,0.0,3.5,0.0,0.0,57.95378940004892,12.695377821693764,8.819486967243623,3.8047810038603402,0.0301875,0.023979166666666673
32,Beckenham,54.0,25.8,16.2,4.1,0.0,0.0,57.12363611213117,22.30199314068619,14.632883910985727,3.801597141623891,0.0,0.008687499999999999
33,Bedford,43.0,43.3,9.7,2.0,0.0,1.9,44.36017942090266,43.03971124158588,8.688988754372968,1.785117768807502,0.08215933531257398,1.6688662597453663
38,Bermondsey and Old Southwark,16.5,54.1,26.6,0.0,0.0,2.8,17.610885416666683,53.171505208333556,23.93495312499994,2.2616562500000175,0.26067187500000005,2.48466666666665
40,Berwick-upon-Tweed,56.9,21.6,18.2,3.3,0.0,0.0,55.672897405892755,19.553260878357772,21.001552205086597,2.2509537110458964,0.25601736111111106,0.15004637896825407
41,Bethnal Green and Bow,10.8,72.7,9.7,4.2,0.0,1.8,11.724005104617595,71.0493964285714,9.112913483044709,5.421007097763294,0.0,2.011007039141417
42,Beverley and Holderness,62.1,23.9,8.7,2.6,0.0,0.0,60.57131437659399,26.59006293437514,7.983862015475084,3.704742689791774,0.05076617647058823,0.013632414215686275
43,Bexhill and Battle,63.6,19.5,12.3,4.6,0.0,0.0,63.208511064544155,19.010621730660702,12.742723716736071,4.295862223416861,0.0,0.0
44,Bexleyheath and Crayford,59.8,29.5,6.5,3.0,0.0,0.0,61.08395275749299,28.554729472363128,6.236703521431639,3.0096582704889685,0.009093749999999998,0.00225
45,Birkenhead,13.1,59.0,3.8,3.3,0.0,3.5,16.525149553571538,63.31965937500012,4.984537500000011,3.0750842261904783,0.11186458333333334,3.9898552083333243
46,"Birmingham, Edgbaston",36.9,50.1,7.9,2.6,0.0,2.5,37.00748552578277,50.02562229812634,7.430780515580864,2.6425713929631214,0.17435328714642306,2.5608003337789453
47,"Birmingham, Erdington",40.1,50.3,3.7,1.8,0.0,4.1,39.83515834940812,48.40315394794133,4.556008796721349,1.9428976318118074,0.05342414678035936,4.677979775542826
48,"Birmingham, Hall Green",13.9,67.8,6.9,1.5,0.0,1.7,15.113522470238095,68.17868303571414,6.831235714285692,2.7995666666666614,0.01546875,2.687596428571426
49,"Birmingham, Hodge Hill",15.0,78.7,1.7,0.7,0.0,3.4,12.787367708333475,78.43006666666588,3.065130208333362,1.6502364583333184,0.03627604166666667,2.967635416666641
50,"Birmingham, Ladywood",11.3,79.2,5.3,2.2,0.0,2.0,11.290797619047607,77.99649017857132,4.961851041666662,2.8549818452380986,0.0,2.3836290178571526
51,"Birmingham, Northfield",46.3,42.5,4.6,2.2,0.0,3.8,44.925605333465704,43.12991228986835,4.685365176096315,1.937222455318459,0.3424105691322474,4.407709715647915
52,"Birmingham, Perry Barr",26.8,63.1,4.5,2.0,0.0,3.3,26.956763779146257,61.06200164551211,5.125373572329385,2.2445323880099584,0.0631774502105684,4.080682117925594
53,"Birmingham, Selly Oak",30.9,56.0,6.4,3.7,0.0,2.9,30.623504443884084,55.19274645183406,6.773260195983272,3.4047341179860773,0.279195489926976,3.4528692297743246
54,"Birmingham, Yardley",29.8,54.8,8.8,1.4,0.0,5.3,29.30344924456868,53.73620378936969,7.486131106099792,2.0543978350950765,0.7313719228495197,6.3212816159875285
55,Bishop Auckland,53.7,35.9,4.8,0.0,0.0,5.6,52.98442764525023,36.25812371231837,4.924318466120573,0.9941995068686973,0.27721422296269593,3.9503996707154267
56,Blackburn,24.0,64.9,2.5,1.7,0.0,6.2,29.515214549799442,56.91203793990476,4.962829145336196,2.18945728378701,0.3887677214360394,5.299397664764447
57,Blackley and Broughton,24.6,61.9,4.1,2.4,0.0,7.1,24.594319494047557,61.53084747023816,4.425274553571408,2.3107098214285746,0.056705208333333326,6.366603869047643
58,Blackpool North and Cleveleys,57.6,35.5,3.9,1.9,0.0,0.0,58.26256210891632,34.40348521187989,4.584813814527061,1.7837357703192527,0.013163115100547174,0.17196595225178035
59,Blackpool South,49.6,38.3,3.1,1.7,0.0,6.1,52.84918941584769,36.0890219415905,3.7768418186039723,1.4234929937424763,0.10229701825656498,5.2350308600124835
60,Blaenau Gwent,19.0,49.2,4.3,1.3,5.7,20.6,22.221865600198367,48.59044769345227,4.03770634920634,0.9825133184523822,5.426957390873055,16.591327380952198
61,Blaydon,31.2,43.3,8.1,2.8,0.0,12.8,33.171215661335566,43.64716893178392,7.141187824024836,2.6826921894328564,0.3800679470369203,10.961952793944995
62,Blyth Valley,42.7,40.9,5.3,2.8,0.0,8.3,41.29698556902697,41.154107129362785,5.430565870123445,2.3990737450062904,0.1424755126862311,8.112373284636341
63,Bognor Regis and Littlehampton,63.5,19.6,11.0,3.6,0.0,0.0,64.52237478670263,19.429733877250666,11.325308267737697,3.6263105706092995,0.11068750000000001,0.023031249999999996
64,Bolsover,47.4,35.9,3.8,1.7,0.0,9.0,46.168118799112875,34.79161290863438,4.090058819885809,1.684545430784492,0.052973311321102265,9.207067572779811
65,Bolton North East,45.4,44.5,4.2,1.6,0.0,4.3,44.77777310387524,43.5054367432843,4.61187985554282,1.823779055509807,0.3604608065565552,4.486953692125333
66,Bolton South East,34.3,53.0,3.5,1.9,0.0,7.3,33.10552524311837,49.33730965623206,5.038888230942357,2.2233936488712787,0.3116539701642004,8.883122837885052
67,Bolton West,55.3,37.3,5.5,1.9,0.0,0.0,51.2806993149891,38.93499192272717,5.165538184071916,1.8683730979949182,0.41450983221839366,1.1418881984237021
68,Bootle,9.2,79.4,3.7,2.4,0.0,5.3,9.785265624999944,78.88037499999952,3.2284895833333502,2.2107968749999953,0.006244791666666667,4.6087916666666455
69,Boston and Skegness,76.7,15.2,4.7,0.0,0.0,0.0,74.77148229166669,15.902285416666778,6.012032291666649,1.2139562500000014,0.01509375,0.007062499999999999
70,Bosworth,63.9,17.3,16.1,2.7,0.0,0.0,61.37769043425299,18.000788327683605,16.39643904314502,3.3523112999581484,0.060375,0.016208333333333335
71,Bournemouth East,50.6,32.7,11.0,4.2,0.0,0.0,54.420253789498155,28.66655777492796,12.594611414120248,3.268894142688453,0.1266475694444444,0.07985403098739495
72,Bournemouth West,53.4,31.3,10.7,4.6,0.0,0.0,54.26548519867363,30.38407421340992,11.082630978428561,3.7147554469151114,0.010770833333333334,0.027729166666666662
73,Bracknell,58.7,22.2,14.3,3.8,0.0,0.0,58.397730374495175,21.81587102666776,14.364027306235817,3.8637897720098446,0.035843749999999994,0.009697916666666665
74,Bradford East,21.9,63.0,7.5,1.5,0.0,6.1,23.444508956077502,60.89891343371862,6.949601625817156,2.1254554282594995,0.3287269223219593,5.291144852304186
75,Bradford South,40.4,46.3,3.8,2.5,0.0,7.1,40.58636939109017,44.91498034002555,4.534631315107393,2.129083745723537,0.1381858655469581,6.654844977823919
76,Bradford West,15.2,76.2,3.0,1.8,0.0,3.5,24.532705723424534,59.81262061318675,7.049706883696434,2.42904919452434,0.6029293291038065,4.406385354613136
77,Braintree,67.5,18.7,9.5,0.0,0.0,0.0,65.16531318802117,20.401515542321796,9.817163337400471,4.063371258698448,0.0,0.0016666666666666666
78,Brecon and Radnorshire,53.1,9.5,35.9,0.0,0.0,0.0,52.761268772546764,9.79115880386978,35.80534268769433,0.32621463709901183,0.11213541666666665,0.1712812499999997
79,Brent Central,22.2,64.7,9.9,3.3,0.0,0.0,21.33274739583333,64.08396272321379,8.862133482142918,3.484536160714268,0.0,1.356803720238095
80,Brent North,36.3,51.9,7.8,1.6,0.0,1.8,34.512810407747686,52.89501904820737,7.135828070923868,2.514705033942053,0.1058969725130171,2.4418567396398725
81,Brentford and Isleworth,32.2,50.2,12.5,3.1,0.0,2.0,32.515890649742026,50.396643329075324,11.854257741335521,3.0228066496881167,0.08880146090560852,1.9052284124866525
82,Brentwood and Ongar,68.6,13.7,13.6,3.2,0.0,0.0,66.0082523864824,14.441533543126049,13.477890645725854,4.087402072852679,0.007546875,0.001963541666666667
83,Bridgend,43.1,40.3,5.6,1.9,4.8,4.3,42.57368890527268,42.420276387180536,5.4327202752344546,1.221581619905969,2.7270409305126173,4.4073801306737295
84,Bridgwater and West Somerset,62.1,19.8,13.5,3.3,0.0,0.0,60.63032972243182,20.500444124855907,14.157154208068269,3.4409218795828345,0.05543374999999999,0.006713541666666667
85,Brigg and Goole,71.3,20.7,5.0,3.0,0.0,0.0,69.19857774567448,21.30508700157813,6.070273396860561,3.0301390702539175,0.0,0.00196875
86,"Brighton, Kemptown",35.0,51.6,6.1,4.6,0.0,2.7,35.49023054203111,51.176496670124614,6.590464305355043,3.5716102864286308,0.2282642716534885,2.797595159838614
87,"Brighton, Pavilion",17.5,22.8,0.0,57.2,0.0,1.3,34.01338836086783,36.68936356544598,16.252818309055698,2.2834327299587036,7.132130377328233,2.3088491994549276
88,Bristol East,32.4,53.1,6.8,4.0,0.0,3.6,33.23779612768769,52.37165002713908,6.488996064659407,3.5514585831575998,0.26939359985546424,3.8801005317113213
89,Bristol North West,38.7,48.9,8.8,3.5,0.0,0.0,38.46421011873397,48.52210904926912,8.528068091212463,2.738797083107155,0.2073205288414977,1.3611124791008506
90,Bristol South,32.7,50.5,7.7,4.9,0.0,4.2,32.42436767260164,50.71479344041784,7.1822852590672746,3.6663055913405636,0.33782040959626997,5.282926778450765
91,Bristol West,11.7,62.3,0.0,24.9,0.0,1.2,17.708033432539775,57.92450947420675,16.867626587301586,4.4591171626984245,0.3645833333333335,2.205002728174604
92,Broadland,59.6,21.2,16.1,2.5,0.0,0.0,59.065106837123366,21.50540845129291,14.832992322366398,3.46158596302361,0.0,0.0009821428571428572
93,Bromley and Chislehurst,52.6,28.7,14.5,3.4,0.0,0.0,53.305559417437536,28.491866940447164,14.197019720721478,3.2781258461704614,0.005557291666666666,0.0069166666666666664
94,Bromsgrove,63.4,20.8,12.5,3.3,0.0,0.0,62.96242871974173,21.658094913788315,11.154741071117355,3.7210177639549102,0.0,4.464285714285714e-05
95,Broxbourne,65.6,23.2,8.5,2.7,0.0,0.0,65.85102932851534,22.438351275421393,8.197582039420134,3.224864827755499,0.0,0.0
96,Broxtowe,48.1,38.5,0.0,3.3,0.0,0.0,49.15800264730391,40.381844705776714,3.2435106851094786,2.7342207762310022,0.10560405929137526,0.8032966912077409
97,Buckingham,58.4,12.0,26.2,0.0,0.0,2.0,53.50976814348849,15.139600965007201,21.215437847222205,1.4604369205447336,2.688072916666666,1.591706146284269
98,Burnley,40.3,36.9,9.0,1.9,0.0,8.6,39.53916988713374,38.223921752800294,7.77430668936892,1.5939418335490265,2.307851233161285,7.811198652461153
99,Burton,60.7,30.9,5.5,2.9,0.0,0.0,60.89372123469079,29.675120348701945,6.004112417965695,2.8444372048605313,0.0017306249999999997,0.004939554769276131
100,Bury North,46.2,46.0,3.4,1.7,0.0,2.6,45.737777928919925,44.219350544009494,4.474525604839718,1.713266914504269,0.1651301784561435,2.940545506040341
101,Bury South,43.8,43.0,4.6,1.7,0.0,3.3,41.13673517570796,43.5752284792731,5.287379245839766,2.1635654241630324,0.4808798583427237,4.389786044610957
102,Bury St. Edmunds,61.0,20.6,0.0,15.7,0.0,0.0,61.24911243955996,21.3853270591478,6.164660175535146,9.372981305037078,0.018234374999999997,0.003919642857142857
103,Caerphilly,27.9,44.9,0.0,0.0,16.0,11.2,28.557534378872685,43.74394732750323,1.632764378899289,0.7867016010949819,14.233909667950513,10.169689556011766
105,Calder Valley,51.9,41.9,5.0,0.0,0.0,0.0,49.95579085356423,41.10438747342814,5.15581695043343,1.5127891988737445,0.04348313450697382,0.8420556098636365
106,Camberwell and Peckham,11.5,71.3,9.0,6.2,0.0,1.8,11.600631295093812,71.18756175595273,8.856677322330457,5.905269448953796,0.0,1.9205555510461798
107,Camborne and Redruth,53.1,35.9,7.0,2.7,0.0,0.0,52.63436260360641,35.578189294944316,7.378594763317852,2.223552185188379,0.49584653109018084,0.5096298860779663
108,Cambridge,15.5,48.0,30.0,4.0,0.0,1.9,19.335203125000096,48.39062500000048,26.53951562500013,2.7343854166666746,0.2532968750000001,2.295848958333339
109,Cannock Chase,68.3,25.4,0.0,6.3,0.0,0.0,63.2848168929375,28.094093238707792,4.904313444416089,2.791018249549676,0.02524104166666666,0.10337802579365084
110,Canterbury,45.2,48.3,5.7,0.0,0.0,0.0,44.54312673789143,44.66484460914383,7.869420245109255,1.2448553453082913,0.20743571209733894,0.8320003094740217
111,Cardiff Central,20.1,61.2,15.1,0.0,0.0,2.4,19.98431602182535,58.795550545634825,15.292480605158673,2.50033859126985,0.2776197916666667,2.3847957341269885
112,Cardiff North,36.2,49.5,6.8,1.6,3.0,2.5,36.964464951605294,48.128348295897304,7.080570696687244,2.307951162155649,1.4517670246739742,2.3049027438821303
113,Cardiff South and Penarth,29.0,54.1,5.9,2.3,4.7,4.0,29.48751384689958,53.22030943068064,6.715285078105262,2.289118999516997,3.9154603746428065,4.288930851934393
114,Cardiff West,28.0,51.8,5.9,2.5,8.4,3.5,28.981635784446915,51.24842807506413,6.491663960887084,2.2808998778739675,6.549758599950935,4.360734880665536
115,Carlisle,55.2,35.8,6.6,0.0,0.0,0.0,54.76555883224329,36.54683222584949,5.834689784359012,1.3178478799708322,0.19922103280863135,0.2290277663043578
116,Carmarthen East and Dinefwr,34.5,21.0,0.0,0.0,38.9,5.6,32.8420677083335,22.99085937500026,1.5235572916666666,0.23078124999999997,36.09072395833274,5.150140624999997
117,Carmarthen West and South Pembrokeshire,52.7,34.3,4.4,0.0,8.6,0.0,51.805662052782964,34.63645023354871,5.192223773072637,0.6512965357809567,6.855282364095136,0.2533756854443381
118,Carshalton and Wallington,42.4,12.4,41.1,1.5,0.0,2.1,45.327458333333446,13.01500937500007,38.17947916666658,0.9740416666666672,0.17981249999999993,1.6023614583333359
119,Castle Point,76.7,16.6,6.7,0.0,0.0,0.0,75.09722708333304,15.741358333333396,6.285469791666672,1.2829354166666682,0.13395312499999998,0.017781250000000002
121,Central Devon,55.3,24.8,15.1,4.9,0.0,0.0,55.52070861321971,22.22827134258679,17.24651321990419,3.748760460534923,0.12633854166666666,0.018932291666666667
122,Central Suffolk and North Ipswich,62.7,21.1,11.5,4.7,0.0,0.0,62.116529874276914,21.995784342587143,10.464457878125263,4.530255369407528,0.011781249999999998,4.464285714285714e-05
123,Ceredigion,22.1,15.8,17.4,1.7,37.9,5.1,38.5813016121032,22.351518625992092,24.559902703373012,0.9737946676587289,10.53576875000004,2.479905208333335
124,Charnwood,63.4,23.0,8.8,4.8,0.0,0.0,63.10561933463136,22.24293254092647,10.075744485900307,4.061820939407928,0.0,0.0
125,Chatham and Aylesford,58.9,29.3,8.1,3.1,0.0,0.0,62.566598313118924,26.863494541577474,6.7256615616736575,3.0168681787299,0.0015587499999999998,0.00918125
126,Cheadle,46.0,12.3,41.8,0.0,0.0,0.0,46.44842083333335,10.626230902777804,41.96622395833332,0.38951423611111147,0.018833333333333334,0.26623749999999946
127,Chelmsford,55.9,18.0,25.1,0.0,0.0,0.0,55.24370077655498,19.35192690192068,22.471809026254796,1.756777769897004,0.0,0.01946875
128,Chelsea and Fulham,49.9,23.2,25.9,0.0,0.0,0.0,47.552775186011885,25.666181324404775,23.795679389881,2.0087175223214184,0.06498437499999998,0.14250000000000015
129,Cheltenham,48.0,4.9,46.3,0.0,0.0,0.0,46.464677083333164,6.275723958333327,46.11657812499989,0.23332291666666663,0.04334374999999999,0.37042708333333274
130,Chesham and Amersham,55.4,12.9,26.3,5.5,0.0,0.0,56.44230032353553,12.928670259813094,25.58831657365806,4.03657209624122,0.0301875,0.028538983585858574
131,Chesterfield,37.0,40.2,8.8,2.5,0.0,10.6,37.738061647921555,42.00397204876965,6.775596379972294,2.459055214438697,0.155980688898714,9.443659889450194
132,Chichester,57.8,14.8,22.7,4.1,0.0,0.0,58.68779362699905,14.84564206039333,21.455489007149968,4.073577923043562,0.0,0.021794935966810966
133,Chingford and Woodford Green,48.5,45.9,5.7,0.0,0.0,0.0,48.41622667339018,42.81123714465397,6.185707809827997,1.3769003541554476,0.10229712753601759,0.48601005411074916
134,Chippenham,54.3,11.2,34.5,0.0,0.0,0.0,54.14208382025938,10.202922987255791,34.1848203447594,0.5390900182282989,0.01509375,0.013890624999999998
135,Chipping Barnet,44.7,42.6,10.3,2.2,0.0,0.0,44.66510580426511,41.98862932327571,10.285545308674186,1.9809529212107242,0.04419356909430439,0.6552511702860053
136,Chorley,0.0,0.0,0.0,9.0,0.0,0.0,22.450308779761905,23.045919642857157,3.952355654761906,4.960167559523821,1.25052113095238,3.0617962797619187
137,Christchurch,65.2,12.6,17.9,4.3,0.0,0.0,64.2239938478661,13.782438947375805,16.177666687526212,4.690666045519823,0.0,0.021520833333333336
138,Cities of London and Westminster,39.9,27.2,30.7,1.7,0.0,0.0,41.63219791666662,28.626468749999994,27.41583333333345,1.4463645833333216,0.09897916666666666,0.25861979166666643
139,City of Chester,38.3,49.6,6.8,2.6,0.0,2.5,37.762745922254446,48.84914142514992,6.810071617300801,2.5512874348006767,0.4533898060130754,2.4315983153480243
140,City of Durham,31.7,42.0,16.2,3.3,0.0,6.7,31.00994988568124,45.263470731672804,13.042230781556587,3.07859283542566,0.6829659892913085,5.655879375479893
141,Clacton,72.3,15.5,5.8,2.8,0.0,0.0,73.11450937500007,15.863326041666582,6.409708333333325,2.3376177083333474,0.2113125,0.032432291666666675
142,Cleethorpes,69.0,22.8,5.5,2.8,0.0,0.0,67.67261432862686,23.760252994597796,5.190448152638901,2.7118160867311287,0.0,0.0
143,Clwyd South,44.7,41.3,4.1,0.0,5.9,4.0,43.8001059185085,41.59332064456955,4.954584477675112,0.7861780466169038,3.757549595423051,4.737283190245925
144,Clwyd West,50.7,34.0,5.6,0.0,9.7,0.0,50.93546974851148,34.46872854020221,5.500474537608365,0.5874569694598185,7.7269075315513,0.35842762461525723
146,Colchester,50.4,32.8,13.9,2.9,0.0,0.0,49.32910854128493,32.499167744581875,14.875844967185706,2.3380406288156346,0.19283854166666667,0.17549635607448116
147,Colne Valley,48.4,40.0,6.3,1.8,0.0,2.1,48.774516224494434,41.03107025050754,5.461235765727337,1.8294340152190378,0.04315016527113356,1.4037032180211968
148,Congleton,59.0,26.5,10.5,2.8,0.0,0.0,58.67501272922031,26.26267187576243,10.936997728443444,3.143680268110711,0.01215625,0.00260625
149,Copeland,53.7,40.0,4.4,1.8,0.0,0.0,53.481698176829525,38.0680618746221,5.054869257473403,1.6622222763405592,0.06333897762117174,1.1031484592003715
150,Corby,55.2,38.3,6.5,0.0,0.0,0.0,54.86405530210117,37.182217834237456,5.589602092878448,1.416423972486154,0.03315065290258964,0.27967806432370806
151,Coventry North East,35.4,52.7,4.6,2.6,0.0,4.7,34.58311715474103,52.53600994343839,5.380309453900677,2.3594583904956137,0.09093333431102466,4.742605213751278
152,Coventry North West,43.4,43.8,5.7,3.0,0.0,4.1,42.04968211658681,44.2891755120418,5.470931889147023,2.301909266297813,0.4468848107469572,4.659820744700384
153,Coventry South,42.5,43.4,7.5,2.4,0.0,3.2,41.02029237197137,45.37807405271977,6.344805331543787,2.3660435530679864,0.27177638577622276,3.8446237755397097
154,Crawley,54.2,37.4,5.5,2.9,0.0,0.0,54.18332022623288,37.12313642081647,5.790956450209858,2.1788669265300102,0.02252954232370011,0.3038496477362436
155,Crewe and Nantwich,53.1,37.4,4.8,1.8,0.0,2.6,52.89421207505363,37.85783136633101,5.079803374911458,1.7703289995395182,0.16689054426472116,1.4533889495022612
156,Croydon Central,39.2,50.2,6.5,2.2,0.0,1.8,39.18547865096134,49.23754658557898,6.507898960094723,2.2785808929900195,0.15942742196664728,2.370342802396789
157,Croydon North,21.3,65.6,8.0,2.9,0.0,1.5,21.228466145833227,64.94005855654724,7.58299285714287,3.0884111607142724,0.0,1.7326068452380923
158,Croydon South,52.2,31.4,12.6,3.0,0.0,0.0,52.68418325892865,30.34676770833331,13.129504315476181,3.0361140128968302,0.08672291666666665,0.020218750000000004
160,Cynon Valley,22.2,51.4,3.1,0.0,8.5,10.1,22.28557228535345,51.33737409586938,3.530779717938298,0.7839075261544021,8.145360181051641,10.775283486652201
161,Dagenham and Rainham,43.8,44.5,2.7,1.4,0.0,6.6,44.662375177196594,43.09069025365647,3.6086408332066613,1.7370785923382104,0.16575641334344116,6.037225013904115
162,Darlington,48.1,40.5,4.8,2.4,0.0,3.5,47.28654104606303,40.94718373702199,4.852734729991447,1.8609557760758324,0.4229925103430699,3.5454388980296825
163,Dartford,62.9,27.5,6.9,2.7,0.0,0.0,62.21675974296874,27.35101183413135,6.769913460755995,3.0295083330805865,0.000215,0.00165625
164,Daventry,64.6,19.1,12.3,4.1,0.0,0.0,64.02156304809151,19.271924706460346,12.044631906292587,4.144498958447061,0.0,0.018645833333333334
165,Delyn,43.7,41.4,6.1,0.0,3.7,5.1,42.73915619430383,41.25317897422697,5.394853887288313,0.8565741386162624,2.972266981551208,4.938026607814775
166,Denton and Reddish,34.1,50.1,4.3,2.9,0.0,7.9,33.79745418616894,48.97450538499454,5.293846949052277,2.776362419305845,0.23262387332074627,8.128828696127615
167,Derby North,45.2,39.8,7.3,2.2,0.0,4.1,45.73381014589502,41.1723307718479,6.467979621371104,1.819906692759796,0.6365419295238125,3.225739413399056
168,Derby South,36.9,51.1,6.2,0.0,0.0,5.8,36.31502751486314,50.51120777032728,5.646005078152092,1.8137942961155094,0.07796854674022616,5.43145830213806
169,Derbyshire Dales,58.7,23.9,13.2,4.1,0.0,0.0,57.85367643619545,23.424962148442493,13.023604107236807,4.034792196206489,0.1585927083333333,0.025302083333333333
170,Devizes,63.1,15.4,16.0,5.5,0.0,0.0,62.30394632555453,15.51073495261035,16.397989704203454,5.006223498861139,0.0,0.03334499007936506
171,Dewsbury,46.4,43.7,4.3,1.9,0.0,3.3,46.40961170061502,43.37513488205864,4.726363659267082,1.6625508509413391,0.19556518199641978,3.1899572201939685
172,Don Valley,43.2,35.2,4.2,1.9,0.0,13.7,44.409715583259704,34.63568431919216,4.275209574477377,1.764230919910855,0.055063423891114065,10.68341719919573
173,Doncaster Central,34.5,40.0,4.2,2.4,0.0,16.5,35.1434825956354,40.65340666058119,4.895006778323333,1.8903887181719836,0.11656039186452496,14.872480653956455
174,Doncaster North,32.9,38.7,3.6,0.0,0.0,20.4,32.19089341333706,39.05669233453431,4.419936090094572,0.7996734669588966,0.0594081697969106,20.500211078173283
175,Dover,56.9,32.6,5.7,2.7,0.0,0.0,57.65144426853015,32.72006992127215,5.764940629951703,2.467274272735091,0.03459312147003323,0.04313230589330681
176,Dudley North,63.1,31.6,3.3,2.0,0.0,0.0,61.705204380570464,32.046432477279794,3.7160784914872895,1.4243080316745593,0.033872722957717566,0.5857232662254187
177,Dudley South,67.9,25.3,4.4,2.4,0.0,0.0,66.83114290120062,24.93802410527524,4.841142422674448,2.6438567997507425,0.003074375,0.004864583333333334
178,Dulwich and West Norwood,16.4,65.5,0.0,16.5,0.0,1.0,15.743196875000056,65.22284479166676,6.19828854166667,10.030792708333271,0.0,1.7338291666666787
184,Dwyfor Meirionnydd,32.4,13.4,0.0,0.0,48.3,5.9,36.18089062500002,19.199838541666864,3.662406250000003,0.3235781250000001,34.13900520833303,4.739921874999966
185,Ealing Central and Acton,27.1,51.3,17.2,3.2,0.0,1.2,28.18605740439385,51.852011148272,14.706405250305385,3.3736313936667335,0.14475841097308492,1.5884919479863415
186,Ealing North,31.8,56.5,8.8,2.9,0.0,0.0,31.47575453186041,55.691385592029434,7.325147920119559,2.8695785197114265,0.12755796447284345,2.2110187884617227
187,"Ealing, Southall",22.7,60.8,9.3,4.0,0.0,2.1,21.915067633928498,62.662698139880476,8.7379029761905,3.480788392857137,0.003234375,1.8725703869047612
188,Easington,26.4,45.5,4.4,0.0,0.0,19.5,25.179550173611204,45.48668932959392,4.279587295863888,1.073020404075101,1.3158134481837527,19.74610311736862
190,East Devon,50.8,4.5,2.8,1.1,0.0,0.0,54.33225612373742,11.839207793335115,9.439993664321749,2.2253455097853694,1.4671406250000008,0.3516822916666667
192,East Ham,15.6,76.3,4.0,1.6,0.0,2.0,11.774940476190487,76.99879925595198,4.448953869047625,2.5540470238095225,0.0,3.051459821428566
193,East Hampshire,58.8,11.1,24.2,4.6,0.0,0.0,58.31089656474323,11.55472612339097,25.003365645826438,4.131330541864718,0.0,0.020815025252525255
198,East Surrey,59.7,13.8,19.4,3.9,0.0,0.0,60.35565138427056,13.883955702798007,19.42661927181071,4.206378884673542,0.0,0.015346726190476194
199,East Worthing and Shoreham,51.0,37.0,7.8,3.8,0.0,0.0,54.35384647627899,31.378432548332707,9.570300276473857,2.637637743313807,0.433535422077922,0.297563844283082
200,East Yorkshire,64.4,21.2,8.0,3.2,0.0,0.0,62.63597726082688,23.87703326047365,9.166694599182094,3.4779191116568846,0.11215249999999997,0.023406249999999997
201,Eastbourne,48.9,7.0,41.0,0.0,0.0,2.8,49.178996279761975,9.55574404761909,38.72144196428576,0.6323206845238091,0.038875,1.3922968750000215
202,Eastleigh,55.4,12.8,29.0,2.8,0.0,0.0,55.434826351579474,12.692512369483023,28.59879012765227,2.2129791932638607,0.01509375,0.14054508928571421
203,Eddisbury,56.8,22.0,18.1,2.2,0.0,0.0,56.82484097003512,26.70732633405815,11.872039478919865,3.1952058342830405,0.20629062499999995,0.04646041666666665
209,Edmonton,25.3,65.0,5.3,2.1,0.0,2.1,23.882674330357123,64.2137861607143,5.292495014880957,2.332094047619044,0.0,2.9296991071428566
210,Ellesmere Port and Neston,35.4,53.3,4.9,2.0,0.0,4.4,35.377788545559554,50.474700393725385,5.316183716944078,2.4185415484276818,0.13135746014406793,4.329939309520803
211,Elmet and Rothwell,57.9,28.1,8.9,3.0,0.0,0.0,57.18499050464987,29.7222849857656,8.512587702094336,2.9496035522147657,0.15440104166666668,0.11917395753756047
212,Eltham,39.7,47.0,6.7,3.0,0.0,3.5,39.70983924536541,46.083843953086074,5.995059963416078,2.5131209001055366,0.20181304416374346,3.820713327628269
213,Enfield North,37.4,51.8,6.5,2.5,0.0,1.8,37.168713275710786,50.941660043216686,6.562127902622183,2.594618784968187,0.07555122716645138,2.5134919945440286
214,"Enfield, Southgate",39.1,48.5,9.2,2.2,0.0,1.0,38.826656446572436,48.05169590836603,8.764313982398825,2.4410137879392404,0.31574326326383045,1.4379832811123074
215,Epping Forest,64.4,20.3,10.7,3.9,0.0,0.0,64.34265276935727,19.688549760122342,11.174537486931017,4.040177494996274,0.0,0.0010572916666666664
216,Epsom and Ewell,53.5,17.2,23.5,3.4,0.0,0.0,54.49896398139623,16.228730686936267,21.59802315799119,3.2285547411091513,0.0,0.005959821428571429
217,Erewash,56.5,34.7,5.1,2.3,0.0,0.0,57.26239556835389,34.10933276485601,5.274151008275576,2.2409197205910276,0.008266024515263865,0.12216994955212788
218,Erith and Thamesmead,39.0,48.0,4.8,2.1,0.0,5.4,39.23464358356278,48.1167670119514,4.986707732875779,2.0524456560078175,0.07577305177550914,4.997683888335909
219,Esher and Walton,49.4,4.5,45.0,0.0,0.0,0.0,49.82712842261904,7.462866666666702,41.68013690476177,0.3811260416666673,0.0,0.010984374999999998
220,Exeter,34.7,53.2,0.0,8.6,0.0,2.5,33.122131498203956,53.26597719252374,4.708744696827882,4.903037415427425,0.2589480615464256,3.1379194684715457
222,Fareham,63.7,18.1,14.0,4.2,0.0,0.0,63.163470976363485,18.06111614567236,13.624956533881345,4.3184313155678185,0.0,0.0004613095238095238
223,Faversham and Mid Kent,63.2,19.6,12.2,4.2,0.0,0.0,63.44413921045052,19.4392882105608,12.248292332297321,4.161489776167471,0.0,0.0005833333333333333
224,Feltham and Heston,35.6,52.0,6.5,2.4,0.0,3.5,33.30788022904412,53.47825816417221,6.09522076205913,2.6002055859478475,0.15885910945251985,3.9253225422258606
226,Filton and Bradley Stoke,48.9,38.4,9.3,2.9,0.0,0.0,49.275380020100975,37.7810035296347,9.244477473425572,2.5232015943757564,0.08053155303030297,0.18944017117256692
227,Finchley and Golders Green,43.8,24.2,31.9,0.0,0.0,0.0,42.469864583333084,31.23653645833328,24.38798958333328,1.200973958333323,0.15247916666666664,0.2446145833333338
228,Folkestone and Hythe,60.1,24.0,9.8,4.6,0.0,0.0,60.32751815514305,22.607724686447064,12.123073829457471,3.5348930111236427,0.063855625,0.028921875
229,Forest of Dean,59.6,28.8,0.0,9.1,0.0,0.0,60.086966195759544,28.246460585231503,4.14900357597905,5.827595043970152,0.025981398809523805,0.0029020833333333333
231,Fylde,60.9,25.3,8.0,3.7,0.0,0.0,60.76929377694104,25.4384938879532,8.715195831905909,3.6240799263683443,0.017875,0.003453125
232,Gainsborough,66.4,21.4,10.1,0.0,0.0,0.0,62.643861210287554,21.510248764694488,11.364124430590023,3.751666563636381,0.0037395833333333326,0.013468749999999998
233,Garston and Halewood,13.0,72.3,6.2,2.2,0.0,5.5,13.163973904220793,71.09924494047605,6.122636052489176,2.611144845779224,0.09329166666666666,4.305286404220755
234,Gateshead,34.7,53.6,7.3,4.3,0.0,0.0,32.00470312903518,53.8586728839188,6.536996998081225,3.2869701893162335,0.15690797803561352,3.7613907012965098
235,Gedling,45.5,44.1,4.6,2.2,0.0,3.6,44.15498640845113,42.5178397569381,4.902413210382669,1.9500519851380291,0.48902266872153183,3.829402890447345
236,Gillingham and Rainham,61.3,28.4,5.4,2.3,0.0,0.0,61.443971773005686,28.01854135488424,6.327607244470223,2.879802710393424,0.0,0.015296875000000001
245,Gloucester,54.2,35.1,8.1,2.6,0.0,0.0,54.44098433909894,35.16062826919607,7.187069215605204,2.2402139676582538,0.1509253850719726,0.11466439006957836
247,Gosport,66.5,18.5,11.3,3.7,0.0,0.0,65.23508863636428,18.972480671427164,11.346104488933847,3.9867481243009735,0.0,0.0
248,Gower,41.3,45.4,5.0,0.0,5.1,3.1,39.70028556234175,43.0416429052676,5.2793199475288475,1.5240144284661086,2.6989409135691576,3.278726414369615
249,Grantham and Stamford,65.7,19.3,11.0,4.0,0.0,0.0,65.10462109788739,19.42669045987261,10.920400090736878,4.146739527315531,0.010062499999999999,0.0049791666666666665
250,Gravesham,62.2,29.4,5.4,2.9,0.0,0.0,61.576288762559344,28.91819954572691,5.769493591629061,2.9056299927580307,0.0015587499999999998,0.005890625
251,Great Grimsby,54.9,32.7,3.2,1.6,0.0,7.2,51.867147793407554,34.80988646857326,3.6037109459248704,1.4779184884989456,0.0753937562133867,6.629663828935645
252,Great Yarmouth,65.8,25.1,3.8,2.4,0.0,0.0,65.89387780943485,25.29323559742889,4.785629064764996,2.648291675291871,0.015058750000000001,0.009093750000000001
253,Greenwich and Woolwich,22.1,56.8,13.7,4.4,0.0,2.3,22.315915876550932,57.28579698817806,13.209454830978922,4.073917025840789,0.027178914835164835,2.517315221609483
254,Guildford,44.9,7.7,39.2,0.0,0.0,0.0,48.015754315476116,10.507309002976163,40.08656488095224,0.5822280505952389,0.0,0.11405729166666673
255,Hackney North and Stoke Newington,11.9,70.3,7.5,8.8,0.0,1.1,11.911579211760456,70.06210342261915,8.524118988997103,7.29650069895378,0.0,1.7073857593795205
256,Hackney South and Shoreditch,10.8,73.3,8.9,5.4,0.0,1.4,11.543468497474755,71.51992395833356,8.71547345328281,5.77555546085855,0.0,1.9492820391414196
257,Halesowen and Rowley Regis,60.5,32.0,4.1,2.2,0.0,0.0,60.335077120373505,31.96438783698368,4.579908720678074,2.3725061357835493,0.007628541666666666,0.040134132858187135
258,Halifax,40.7,46.3,4.9,2.0,0.0,6.1,41.94097337254475,44.73993323680087,5.032935967879492,2.0154393428489823,0.5294518197684586,4.923507155844848
259,Haltemprice and Howden,62.4,21.5,10.5,3.5,0.0,0.0,62.54756499808185,21.95523973333382,10.749864469166937,3.8524582354878927,0.0,0.0014040178571428572
260,Halton,22.4,63.5,3.9,2.1,0.0,8.1,22.880335379464377,61.652816021825046,4.219687983630931,2.129174541170627,0.5594818576388882,6.8906630952380965
261,Hammersmith,23.5,57.9,13.4,3.4,0.0,1.9,25.301215888951766,55.38353368212658,12.888291710939235,3.7056928690947677,0.07663572287087911,2.2795113401610676
262,Hampstead and Kilburn,24.2,48.9,22.9,2.8,0.0,1.2,28.03069424481031,51.799114441853405,14.706037013941021,3.398687894717763,0.11647023846850622,1.7433256065153169
263,Harborough,55.3,25.2,15.9,3.0,0.0,0.0,54.904598920528855,24.115368491742082,17.035466381977827,2.9338707488955604,0.03940625,0.012015624999999999
264,Harlow,63.5,31.0,5.5,0.0,0.0,0.0,61.47810163167212,29.420561266678213,5.6264178098831374,2.621496823108805,0.007677499999999999,0.06114067460317463
265,Harrogate and Knaresborough,52.6,9.6,35.6,0.0,0.0,0.0,53.185051107629015,10.228563710799024,34.802529848939876,0.5872567187153124,0.0,0.016421874999999996
266,Harrow East,54.4,37.9,7.7,0.0,0.0,0.0,48.085302329768844,39.53135798357965,8.984083410530788,1.8162385551945297,0.12039429303335551,0.6743464157292541
267,Harrow West,34.3,52.4,9.0,2.3,0.0,1.9,33.971480819263974,52.35275303126283,8.287427142065503,2.757362477624338,0.11714787170519925,2.2867166252648716
268,Hartlepool,28.9,37.7,4.1,0.0,0.0,25.8,31.96341124523478,39.11212736275529,4.35560283572292,0.9172606621676936,0.5283113478036148,20.04281932122548
269,Harwich and North Essex,61.3,22.4,11.3,3.7,0.0,0.0,60.73725186204314,22.857618031657385,12.035210139276654,3.5105333600326225,0.0,0.009359375
270,Hastings and Rye,49.6,42.1,7.3,0.0,0.0,0.0,50.0225833741753,40.60284935116401,5.902984524490036,1.3709546796512273,0.12158897015462708,1.1217838905529258
271,Havant,65.4,18.0,12.4,3.5,0.0,0.0,64.61222945772671,18.868973239612373,11.895893803813735,3.9328073030437922,0.01584375,0.00396875
272,Hayes and Harlington,34.7,55.8,4.4,1.7,0.0,2.9,33.475653316961036,54.85898005547539,5.262889195038057,2.1349269253026457,0.08775692547137152,3.626817581657137
273,Hazel Grove,48.8,12.4,38.8,0.0,0.0,0.0,49.34840131448424,11.764190525793682,37.47694422123006,0.5258960069444434,0.068890625,0.32658645833333244
274,Hemel Hempstead,56.5,28.1,12.3,3.1,0.0,0.0,56.33442945229127,28.4981280364402,11.448169520757004,3.25445996583066,0.027140624999999998,0.004858680555555555
275,Hemsworth,34.8,37.5,3.9,2.1,0.0,13.5,35.47379417693897,38.72855118231706,4.580517677063013,1.9862920530163906,0.35196259172912664,13.365888311464087
276,Hendon,48.8,41.1,8.4,1.7,0.0,0.0,47.058315869844165,40.581569294113464,9.372148798400676,1.7345878815473024,0.14596493816640868,0.6511561957521323
277,Henley,54.8,9.7,30.9,4.7,0.0,0.0,55.29428546817104,10.68944724045625,29.96109211992415,3.473750018848604,0.010062499999999999,0.014273358585858589
278,Hereford and South Herefordshire,61.2,21.6,12.5,4.8,0.0,0.0,60.65993027704952,20.86505523847383,13.169910190080218,4.126625280869422,0.022640624999999998,0.0076927083333333335
279,Hertford and Stortford,56.1,23.4,14.3,4.5,0.0,0.0,57.108449852599406,22.614068818945217,14.471197609683625,4.167711363128195,0.0,0.0010416666666666667
280,Hertsmere,62.5,21.7,12.6,3.2,0.0,0.0,61.393010521896,22.249766232786794,12.058739884168864,3.5887160356237695,0.010406249999999999,0.012463541666666666
281,Hexham,54.5,31.6,10.1,3.7,0.0,0.0,53.50683876488103,30.28708479948862,12.158438158195908,3.3473583342872466,0.044728125,0.012822916666666668
282,Heywood and Middleton,43.1,41.7,4.4,2.6,0.0,8.3,41.83912795184149,42.00064140231971,4.846305150684847,2.136479545738222,0.34685351148470545,7.85957535355455
283,High Peak,45.9,44.8,5.1,2.1,0.0,2.2,46.023958361630505,43.46478493257855,5.426224234850441,1.7452680446139555,0.21453297739331728,2.4449946680099055
284,Hitchin and Harpenden,47.1,16.9,35.4,0.0,0.0,0.0,51.022053399465186,19.337686933379118,26.447292037129532,1.9090074454191608,0.000625,0.031130208333333326
285,Holborn and St. Pancras,15.6,64.5,12.9,4.8,0.0,1.8,15.426655208333344,63.832215625000146,11.79130000000004,6.439267708333297,0.0,1.888645833333343
286,Hornchurch and Upminster,65.8,22.6,7.2,3.6,0.0,0.0,66.34845366069786,22.57758438682554,7.262093826564519,3.013071928429694,0.0028593749999999995,0.0029791666666666664
287,Hornsey and Wood Green,11.2,57.5,26.0,3.6,0.0,1.2,16.663690029761966,58.67726398809554,17.96043318452372,3.8416261904762035,0.036536458333333334,2.3543836309523742
288,Horsham,56.8,14.9,23.4,4.2,0.0,0.0,58.175917140611176,14.58759230134821,21.255041216037654,3.993726211664759,0.01509375,0.020183824855699858
289,Houghton and Sunderland South,32.9,40.7,5.8,2.8,0.0,15.5,32.97707109520384,41.358854538823174,5.290127844173799,2.0780186368931233,0.24798011590635724,15.788097522111235
290,Hove,28.1,58.3,6.6,4.4,0.0,2.0,28.778478752813495,55.83046570690108,8.109446897996289,3.8743035782586914,0.22113327717550363,2.648012951164807
291,Huddersfield,33.6,53.9,5.1,3.8,0.0,4.0,33.30031223829693,53.07873900066485,5.814185351282658,3.3869234359594156,0.17610077762755283,4.037658034636025
292,Huntingdon,54.8,22.0,15.9,3.8,0.0,0.0,56.51564039822451,22.626709880569425,15.349749974464977,3.784643244381538,0.0,0.0010416666666666667
293,Hyndburn,48.5,41.5,2.9,2.0,0.0,5.1,46.75732144134638,41.1506114663679,3.8552509323749633,1.7738810738524449,0.28955534919734205,5.45060799045459
294,Ilford North,40.1,50.5,5.3,1.7,0.0,1.9,39.09353384940058,49.57804812771853,5.9615690615461485,2.155208317614767,0.1355471412891145,2.6189040018391183
295,Ilford South,20.5,65.6,3.4,1.3,0.0,1.9,21.27165014880958,65.04434747023825,5.0448084077380955,2.2111990327380973,0.0334203125,2.519712425595234
298,Ipswich,50.3,39.3,4.9,2.6,0.0,2.9,49.76950733538741,40.34621578365989,5.136681115080165,1.8980186345126941,0.09148267778176299,2.0093820940253058
299,Isle of Wight,56.2,24.3,0.0,15.2,0.0,0.0,59.8466330854195,21.01672712796346,11.80281513578969,3.183890864043558,0.7764641666666666,0.23986944346414446
300,Islington North,10.2,64.3,15.6,8.0,0.0,1.4,12.038959374999916,65.77649479166682,13.160280208333232,6.697046874999956,0.0,1.8401354166666621
301,Islington South and Finsbury,16.8,56.3,20.0,4.2,0.0,2.4,17.44574384920656,56.573109474206746,19.839735962301518,3.6360671626984318,0.008833333333333334,2.0977256448412818
302,Islwyn,28.8,44.7,3.8,1.9,6.7,14.1,28.196707721779166,46.03621083700108,3.874122959848441,1.7168941590649545,6.842859024226321,12.582889654929293
303,Jarrow,27.6,45.1,5.8,2.0,0.0,10.1,29.515292407310703,48.0804214811225,5.1520869905348095,2.4372564680437008,1.2649918690294653,11.805617891670831
304,Keighley,48.1,43.9,4.9,0.0,0.0,1.6,48.52671257673726,42.419925798427705,4.79775867703627,1.5453572144710248,0.03987241126335196,1.5391548466063185
305,Kenilworth and Southam,57.7,17.9,19.0,4.5,0.0,0.0,56.3237432524061,17.26067375032197,18.313002885820577,3.823580247506349,0.01509375,0.02099905303030303
306,Kensington,38.3,38.0,21.3,1.2,0.0,0.9,38.50209575008321,36.82536693046537,21.226049950483553,1.8446433070401744,0.4851553961663339,0.7870122044188426
307,Kettering,60.3,26.4,6.8,3.1,0.0,0.0,61.48194569177973,26.9157934592409,7.544830612811747,3.3952369781511686,0.0030312499999999997,0.0022453125
309,Kingston and Surbiton,33.9,10.7,51.1,1.7,0.0,1.3,40.24586755952413,12.994687996031793,44.583175024801385,0.5471328869047628,0.26965781250000004,0.9524243799603164
310,Kingston upon Hull East,35.4,39.2,5.3,2.4,0.0,17.8,34.11091778410523,39.888332514146384,5.026113987891199,1.3878249776010292,0.07656239057613137,17.55826021480052
311,Kingston upon Hull North,27.6,49.8,6.1,2.6,0.0,13.9,30.103285302697422,53.817742492639006,6.475630668455697,2.9655146685124394,0.2833457879653858,5.772399352661447
312,Kingston upon Hull West and Hessle,33.6,42.7,5.6,0.2,0.0,18.0,33.83969915047511,41.74656000180059,5.320953373371829,1.120272750984668,0.13897900209769098,16.38352455543023
313,Kingswood,56.2,33.4,6.9,2.4,0.0,0.0,56.64577506402523,32.70633919827619,6.921164960027815,2.736088278783088,0.04651781832298135,0.0370087181198467
315,Knowsley,8.1,80.8,2.0,2.3,0.0,6.1,9.362359374999928,80.24655729166626,2.7013177083333177,2.143312500000009,0.0038697916666666663,4.26123958333335
318,Lancaster and Fleetwood,41.6,46.8,4.5,3.1,0.0,4.0,40.14348817322328,45.8553025697661,5.4380727770640975,2.564207242724295,0.5616505604374229,3.477873935976242
319,Leeds Central,22.6,61.7,4.8,4.3,0.0,6.1,23.005902012406438,62.268978271153195,5.955021271195012,3.0754213375212207,0.031803521861910024,4.545138508553765
320,Leeds East,35.7,49.8,4.6,2.2,0.0,7.6,34.65712585579171,50.48753170674639,5.07051372337697,2.2353725774851383,0.1291192150210013,7.014884372057475
321,Leeds North East,23.6,57.5,11.2,3.8,0.0,3.5,25.354493909123622,56.47226889826653,10.902430968562212,3.7656291752056665,0.07458948660639109,2.9201098313832494
322,Leeds North West,26.8,48.6,19.1,2.8,0.0,2.6,26.940733314255155,44.003695083562185,21.278901699862644,2.3528949710012386,2.465949404761903,2.550446348443246
323,Leeds West,28.9,55.1,4.4,3.2,0.0,6.7,29.942870715245846,54.58350740318824,5.711940048582107,3.155251079319319,0.18268480833089878,5.590469640137573
324,Leicester East,38.6,50.8,5.7,1.8,0.0,2.5,34.800646270448404,53.314297939965456,5.711964174710536,2.215990154385095,0.11131594823628925,3.307785675427055
325,Leicester South,21.8,67.0,5.5,3.3,0.0,2.4,21.42404248511897,65.46803028273797,5.964296428571423,2.9055273809523907,0.0,2.3556196428571368
326,Leicester West,37.6,49.7,5.2,2.8,0.0,4.7,35.86769006050145,50.73902841441971,5.585584011856768,2.6495430782397777,0.05907612032212915,4.9339992536239246
327,Leigh,45.3,41.1,4.8,0.0,0.0,6.7,37.907825095415454,41.70663224839699,5.045656692486924,2.230498797838182,0.526835634096694,9.514787704554411
328,Lewes,47.9,5.8,43.4,2.6,0.0,0.0,48.45850813492074,7.131441517857154,42.44732395833337,1.0259031249999866,0.0,0.5069614583333348
329,Lewisham East,21.5,59.5,11.2,3.8,0.0,2.8,21.088948462301733,60.6025830605159,10.9782168402778,4.114558643353153,0.01434765625,2.33854569692461
330,Lewisham West and Penge,19.8,61.2,12.0,4.6,0.0,2.0,20.2060230158731,60.07399161706354,12.694912078373033,4.228728025793642,0.0,2.1376499007936527
331,"Lewisham, Deptford",11.4,70.8,10.4,5.6,0.0,1.4,11.668678914141429,70.22689583333356,9.68605157828283,6.112096085858556,0.0,1.7644684974747564
332,Leyton and Wanstead,18.0,64.7,10.5,4.1,0.0,1.8,18.184899776785798,63.95247589285702,10.199869196428583,4.899720014880975,0.0,1.8487136904761892
333,Lichfield,64.5,20.8,10.4,3.2,0.0,0.0,63.450396514302696,21.539190294840314,10.633197771863736,3.766279514123221,0.0,0.0
334,Lincoln,47.9,41.0,4.8,2.4,0.0,2.1,48.09428822131703,40.874232242755305,5.242678170129986,1.8871896675375377,0.3968043528872339,2.390240335407146
336,"Liverpool, Riverside",7.8,78.0,5.1,5.7,0.0,3.4,9.60575768849197,77.42569226190466,5.37340868055555,4.0937071924603075,0.0,3.093325545634899
337,"Liverpool, Walton",9.9,84.7,1.9,2.0,0.0,0.0,10.381135416666732,81.45172916666608,2.3288541666666616,1.8735468749999993,0.0,2.7728593750000137
338,"Liverpool, Wavertree",9.7,72.2,9.3,3.1,0.0,4.4,11.076673556998587,73.204435565476,7.691657233044744,3.4703639430014306,0.0,3.5367600153318737
339,"Liverpool, West Derby",9.4,77.6,2.9,1.4,0.0,4.6,9.870776041666563,79.00258333333278,3.170505208333359,2.088614583333332,0.0,4.243380208333316
341,Llanelli,30.0,42.2,0.0,0.0,18.4,9.4,29.28864025072146,42.5274419079188,1.438344829996385,0.6304259650072102,15.856914732142886,9.492111223845551
342,Loughborough,51.2,38.0,7.6,2.8,0.0,0.0,49.87230487797573,37.991462227603144,8.04527022775014,2.3894793639130545,0.2952735912540806,0.2756898815474055
343,Louth and Horncastle,72.7,17.5,7.9,0.0,0.0,0.0,69.12398781925361,18.55336606587897,7.8108820220122475,3.146029127578126,0.39367187499999995,0.059765625
344,Ludlow,64.1,15.1,17.0,3.8,0.0,0.0,63.073436179897335,15.546991646361853,16.290222456654625,4.658104613944165,0.0,0.0010625
345,Luton North,33.5,55.2,4.8,1.8,0.0,2.9,33.02322838607037,54.621101640110226,5.551379546800405,2.4175485697737202,0.07528427936707852,3.5926305658751065
346,Luton South,31.0,51.8,0.0,2.4,0.0,3.8,32.76261711559807,53.931196103881305,6.194422282895007,2.7424848530759562,0.20500851401845355,3.744043811515642
347,Macclesfield,52.5,32.6,10.6,4.3,0.0,0.0,53.49721288840014,28.970638128606552,13.291601126956884,3.165499998461886,0.06845208333333333,0.03946354166666666
348,Maidenhead,57.7,14.0,24.4,3.9,0.0,0.0,57.27198007709831,13.11910630395661,24.7301955771932,3.6067804414032207,0.045281249999999995,0.013000000000000003
349,Maidstone and The Weald,60.4,18.3,16.4,4.2,0.0,0.0,60.180869286846985,18.304641625469102,16.708924066122712,3.6683092351761184,0.07546875,0.011520833333333334
350,Makerfield,34.4,45.1,4.8,2.6,0.0,13.1,33.89753582717336,42.961500439363626,5.279299340125781,2.5120227466722294,0.2953987408577948,12.647384942590064
351,Maldon,72.0,12.4,11.9,3.7,0.0,0.0,66.09592697133087,16.259545134500932,10.814338763608061,4.148790526967219,0.15345312500000002,0.037494791666666666
352,Manchester Central,14.8,70.4,6.5,3.6,0.0,4.5,14.11000584866523,70.02182529761961,7.023221072330473,3.8504399846681174,0.0,3.4349106105699745
353,"Manchester, Gorton",9.5,77.6,5.5,3.8,0.0,3.5,10.004134866522277,76.38911309523837,6.076854703282813,3.958172722763326,0.0,3.1628943903318607
354,"Manchester, Withington",11.0,67.7,15.1,3.7,0.0,2.5,12.614666666666626,65.65899479166691,13.49883958333327,5.464552083333355,0.014125,2.323417708333318
355,Mansfield,63.9,30.8,3.3,0.0,0.0,0.0,62.02969415525684,31.627893671802475,3.8534236824493315,0.9540050639795424,0.00431845238095238,0.5851394598228886
356,Meon Valley,64.3,10.3,21.4,4.0,0.0,0.0,62.268379460837885,12.238401082030204,20.201608518372048,4.243005095784,0.0,0.01068501984126984
357,Meriden,63.4,21.3,10.4,4.9,0.0,0.0,63.58302276824178,21.138818588739635,10.723320185006898,4.070146319022193,0.01509375,0.006297916666666666
358,Merthyr Tydfil and Rhymney,19.6,52.4,3.5,0.0,7.6,11.2,21.20939780618661,51.997094929202966,3.6612547179382675,0.7447247136544015,6.911013306051616,11.949264736652156
359,Mid Bedfordshire,59.8,21.7,12.6,3.8,0.0,0.0,60.20332927727032,21.15142332571816,13.057141185916489,4.08915233497031,0.0,0.002604166666666666
360,Mid Derbyshire,58.8,27.6,9.6,3.9,0.0,0.0,58.99540178024878,27.16358820937595,9.40228812450025,3.544552276358086,0.06510937499999998,0.00791875
361,Mid Dorset and North Poole,60.4,7.0,29.9,2.7,0.0,0.0,58.432966487418526,8.570520596590896,29.949412750270437,2.303760250946976,0.0,0.05013229166666669
362,Mid Norfolk,62.4,22.2,13.8,0.0,0.0,0.0,61.98155633426576,21.85214132279201,12.243298321839683,2.994976289472062,0.0,0.00041666666666666664
363,Mid Sussex,53.3,17.9,24.3,3.6,0.0,0.0,54.315612223604084,16.695833555177877,23.385354085349903,3.1043729915009988,0.01509375,0.00877579365079365
365,Mid Worcestershire,66.7,16.8,11.5,3.9,0.0,0.0,65.31600397387112,17.270221442557656,11.975656927273448,4.228276202507655,0.0,0.0
366,Middlesbrough,27.4,53.5,2.5,1.7,0.0,0.7,30.41207556376328,51.66984758876407,4.897419396472344,2.2570476243368724,0.250481662109122,9.14509254043933
367,Middlesbrough South and East Cleveland,58.8,34.5,4.1,2.6,0.0,0.0,57.613280303697756,34.65871919101535,4.817340314837251,2.0138994222390294,0.007079147598482247,0.3187702769203005
369,Milton Keynes North,49.5,39.5,8.0,3.1,0.0,0.0,49.40232699289688,40.13449082959003,7.050027023022118,2.253925712315565,0.0566661077354126,0.4143986502218963
370,Milton Keynes South,50.0,39.2,7.3,2.3,0.0,0.0,50.265665964265324,39.587411772912894,6.3260268862528255,2.2079407265582818,0.16849352161464048,0.6018638941938262
371,Mitcham and Morden,25.1,61.1,8.1,2.5,0.0,2.6,28.45585762503315,58.379667717586635,6.421090424211594,2.6533220321535516,0.10966086859532047,3.1495505070867993
372,Mole Valley,55.4,5.2,34.3,3.3,0.0,0.0,55.96343321611481,7.56025017411102,32.3760208635725,2.995998352592037,0.0,0.007420833333333332
373,Monmouth,52.1,32.2,9.8,2.7,2.4,0.0,55.14191806018266,30.101165693674275,10.09644291810995,3.1161025936009317,0.44948854166666696,0.07265190972222219
374,Montgomeryshire,58.5,16.3,23.0,0.0,0.0,0.0,57.64316487687643,13.945906632256643,24.439342788808446,1.554950261283858,0.6037499999999997,0.11746874999999987
376,Morecambe and Lunesdale,52.8,38.8,5.1,2.1,0.0,0.0,52.93268611551747,38.55324678849428,5.19561361498289,1.7876902278652391,0.14460711372977422,0.5516598060128022
377,Morley and Outwood,56.7,35.0,4.4,2.1,0.0,0.0,55.78768755130397,35.57576531953438,5.233974194328216,1.9423848468357587,0.08219825370910364,0.34447249501865906
380,Neath,28.0,43.3,4.0,2.0,12.2,8.7,28.59270752772287,44.05602620743549,2.2533128763861594,1.0347565712442814,13.493063556224042,9.814725287423887
381,New Forest East,64.5,14.8,14.6,4.8,0.0,0.0,63.86219845133786,14.487116778147488,15.772419155037557,5.233484916820523,0.0,0.0
382,New Forest West,63.8,13.1,15.3,7.7,0.0,0.0,63.524188570792404,13.663157036486552,15.837265492288909,5.971054446573769,0.0,0.005252976190476191
383,Newark,63.3,23.4,9.7,3.6,0.0,0.0,62.50863770844029,22.474382086802112,10.344820472649861,3.8017343919135493,0.08075520833333334,0.011124999999999998
384,Newbury,57.4,7.3,30.6,4.1,0.0,0.0,56.72024802266239,8.15944414732531,30.89296168698535,3.340083248425377,0.0,0.006870833333333331
385,Newcastle upon Tyne Central,24.8,57.6,7.2,3.6,0.0,6.8,26.663327098779256,57.17314638719327,7.276064140568147,3.3143106531307267,0.16900479717005254,5.065910563745369
386,Newcastle upon Tyne East,24.4,60.1,10.5,5.1,0.0,0.0,23.453686462167244,59.65892732726884,10.212241646173666,4.0778614411538685,0.11782847985347984,2.0280915723804767
387,Newcastle upon Tyne North,33.2,45.4,9.3,2.9,0.0,9.2,34.48518681259825,44.97639684634577,8.152806989644102,2.7565953298583805,0.19477101647164788,8.51628794004857
388,Newcastle-under-Lyme,52.5,35.9,5.3,2.1,0.0,4.3,52.11433026171837,37.649191088979315,5.381757788842095,1.6980255317910118,0.3450945318578911,1.945278760829948
389,Newport East,39.0,44.4,5.8,1.6,2.4,6.8,39.79427918811115,44.29915474495064,5.489615293411004,1.9890218265777606,1.0348532891106474,6.291991100888757
390,Newport West,41.6,43.7,5.9,2.1,2.7,4.0,42.13365531503436,43.95806850164423,5.512521045377114,1.860936457039773,1.6119743935505029,4.453467997781675
392,Newton Abbot,55.5,17.8,22.2,2.9,0.0,0.0,58.81794178461833,16.89463397227084,20.16642589899693,2.9452099055044,0.0,0.004766517857142857
393,"Normanton, Pontefract and Castleford",35.3,37.9,6.5,0.0,0.0,16.6,33.82238657573018,39.14767637757444,5.052204435637909,0.8418349481860037,0.0829504069000852,17.929839323365545
396,North Cornwall,59.4,8.7,30.8,0.0,0.0,0.0,58.220754100152824,8.903302743957502,30.095078882575727,1.3117437195616828,0.010062499999999999,0.3032666666666669
397,North Devon,56.6,9.2,30.0,3.2,0.0,0.0,57.11550925099167,8.915222380050546,30.57621343795099,2.0407969020562713,0.02515625,0.32046651785714336
398,North Dorset,63.6,12.0,20.3,4.0,0.0,0.0,62.86269775639929,12.789940518221824,19.50925959992137,4.424079228654147,0.0,0.005014880952380952
400,North Durham,32.9,44.2,6.8,2.7,0.0,11.1,33.352060787227636,45.02518154684136,6.293455220516122,2.658312919208407,0.42999288120298623,10.945635827759142
401,North East Bedfordshire,59.1,21.8,12.3,2.9,0.0,0.0,61.268700113991365,20.791089735185096,12.15255608237738,4.460138313452868,0.100625,0.0284375
402,North East Cambridgeshire,72.5,15.9,8.1,3.4,0.0,0.0,72.30314700854711,16.080597248931618,7.5740313034188045,3.137688915598307,0.0,0.0009375
403,North East Derbyshire,58.7,32.6,6.1,2.6,0.0,0.0,57.17754908601476,33.85019444845517,5.672464185574362,2.1455685076707103,0.06408618453541226,0.27228736379825996
405,North East Hampshire,59.5,9.7,25.4,3.0,0.0,0.0,58.07674075906793,11.156699776045008,25.84768015958391,3.640958518356424,0.0,0.026024305555555554
406,North East Hertfordshire,56.6,23.7,15.5,4.3,0.0,0.0,56.92225951574553,23.1112248041889,14.934079397845814,4.100610340251969,0.0,0.0022916666666666667
407,North East Somerset,50.4,24.2,22.1,2.5,0.0,0.0,52.384924885444455,26.34657479204827,17.47025650686102,2.7448484278742047,0.012984375,0.014744791666666668
408,North Herefordshire,63.0,13.3,14.3,9.3,0.0,0.0,62.84614481031779,14.134361791306953,15.619489198239354,6.259773752077159,0.01509375,0.00215625
409,North Norfolk,58.6,7.7,30.3,0.0,0.0,3.4,53.72149791666654,10.004240625000037,31.6813916666668,0.8282968749999998,0.8501927083333333,1.8693468749999855
410,North Shropshire,62.7,22.1,10.0,3.2,0.0,0.0,62.894629671537785,21.926609195199134,10.459737218761084,3.811259534491957,0.01509375,0.0018437500000000001
411,North Somerset,52.9,24.6,17.8,4.7,0.0,0.0,54.613286564820434,22.016814602691923,18.158306125341046,3.840329473164427,0.010062499999999999,0.01940252976190476
412,North Swindon,59.1,29.8,8.0,3.1,0.0,0.0,58.883349400738986,29.919008776858167,7.590711973818381,2.9434509840678276,0.015701111111111114,0.0032765561816064915
413,North Thanet,62.4,26.7,7.1,3.7,0.0,0.0,62.36983282007036,26.663290432752305,6.949773326436673,3.334325932746718,0.0017306249999999997,0.0003125
414,North Tyneside,30.7,49.7,6.4,2.8,0.0,10.4,31.32725850206751,49.006896379741505,6.0290231367978295,2.757708084180405,0.4890665523137141,9.520467381393267
415,North Warwickshire,65.9,26.8,4.5,2.8,0.0,0.0,64.55612075194564,27.22626468870012,4.824589103393244,2.940510115111245,0.0,0.027037377450980386
416,North West Cambridgeshire,62.5,22.2,10.7,4.7,0.0,0.0,62.30015251248002,22.30036604238645,10.505789844557032,4.30696765155611,0.0,0.000625
417,North West Durham,41.9,39.5,5.9,2.5,0.0,6.7,41.117756164004106,39.9275581267077,5.660742146999162,2.29414156127819,0.403136915659554,7.144364170820772
418,North West Hampshire,62.1,15.8,17.5,4.6,0.0,0.0,62.234616164627305,15.70746792626281,16.873199495222583,4.748771591220151,0.0,0.0017113095238095238
419,North West Leicestershire,62.8,24.9,6.7,4.6,0.0,0.0,62.089185594669814,25.795797683514824,7.3215530090090075,3.848811401371565,0.01237125,0.0017499999999999998
420,North West Norfolk,65.7,23.0,7.8,3.5,0.0,0.0,66.09608539423539,22.768097819457576,7.384976583226217,3.2818483026087995,0.0,0.00159375
421,North Wiltshire,59.1,10.4,26.9,3.5,0.0,0.0,57.74306362291038,10.654648570080473,27.317814854909926,3.8112539214615087,0.0,0.0039187499999999995
422,Northampton North,53.2,39.3,5.1,2.4,0.0,0.0,52.77437009730859,38.47515303293112,5.323751089917422,1.9526029615384561,0.06884638489694869,0.7951181892454404
423,Northampton South,51.2,39.7,6.1,3.0,0.0,0.0,52.29089278192629,37.46014232177699,6.18471659273385,1.9289399951302246,0.1822542483009336,1.0779974007204374
424,Norwich North,50.5,40.3,5.8,2.3,0.0,0.0,52.540788318806115,38.157246245678444,5.57917437796537,1.8286449561193268,0.09303518765748044,0.9414730422474824
425,Norwich South,29.0,53.7,9.2,4.8,0.0,3.2,28.907808590340306,53.79509998399275,8.947167066502375,3.9713210728398223,0.570402230186638,3.5055081024216594
426,Nottingham East,20.9,64.3,4.9,3.0,0.0,3.4,21.421288373276884,64.499745931234,5.6935364505012585,3.4057735588972546,0.0,2.9051693139097625
427,Nottingham North,36.4,49.1,4.5,2.5,0.0,7.6,34.0297199213475,47.3439084779539,4.917706054900349,1.9626003401196508,0.2314729048929869,10.383770754393199
428,Nottingham South,29.1,55.2,8.2,3.3,0.0,4.2,29.791198795807514,55.1434620947306,7.49735112028,3.3823530719109782,0.27324628490164143,3.6636957404931367
429,Nuneaton,60.6,31.5,4.1,3.7,0.0,0.0,59.908325640520836,31.95189192862378,4.7402094791182625,2.7619222145034086,0.0021323132183908044,0.06708081440885921
431,Ogmore,27.7,49.7,4.1,1.8,8.2,8.5,27.188191646611802,48.821431964261855,3.973762414618459,1.6761570354627144,7.277486487228986,9.907120198816148
432,Old Bexley and Sidcup,64.5,23.5,8.3,3.2,0.0,0.0,64.2618480094013,22.476078601289124,9.25259642602356,3.5318659462219126,0.0,0.008729166666666668
433,Oldham East and Saddleworth,40.3,43.5,5.2,1.7,0.0,6.5,40.536570805387356,43.61405666184445,5.544710199120731,2.079975223165145,0.5523514772432063,6.187707046724041
434,Oldham West and Royton,30.3,55.3,3.3,1.5,0.0,7.5,30.87614848966659,53.85520989621563,4.6825611841697095,2.173715614485193,0.3042053295405397,6.977391461545085
436,Orpington,63.4,17.5,15.5,3.7,0.0,0.0,63.4756506196589,17.796625739855305,13.597507571078559,4.214659305715155,0.01509375,0.0018437500000000001
437,Oxford East,20.9,57.0,13.9,4.8,0.0,2.3,20.498810813492117,57.82089950396839,14.46300143849216,4.11058754960317,0.11299999999999999,2.235867609126985
438,Oxford West and Abingdon,38.1,7.2,53.3,0.0,0.0,1.4,39.4310008184525,10.17340290178573,48.51612098214258,0.44484918154762026,0.23686421130952387,0.8305709077380944
441,Pendle,54.2,40.2,3.5,1.5,0.0,0.0,53.68357891107281,38.62985829295066,4.737619018624795,1.645463151992999,0.06553517447907713,0.5196229600991583
442,Penistone and Stocksbridge,47.8,33.3,10.2,0.0,0.0,8.7,46.62613075230688,32.4817171726665,7.427222413514832,1.2266824193533088,0.49287557269119797,5.978090342689082
443,Penrith and The Border,60.4,21.7,11.2,4.5,0.0,0.0,60.204112385835934,19.8380504335757,12.418024497919962,4.2175595756158675,0.3638541666666668,0.04506770833333335
445,Peterborough,46.7,41.3,4.9,1.5,0.0,4.4,48.754167535344905,40.15380695327846,5.170217236962467,1.5722710554484771,0.17874085414220262,3.316152321097541
446,"Plymouth, Moor View",60.7,31.5,5.2,2.7,0.0,0.0,60.765961206573245,31.669396221911658,4.772331119172824,2.226974605481437,0.002564702380952381,0.08060203949110739
447,"Plymouth, Sutton and Devonport",38.9,47.9,4.8,2.9,0.0,5.5,39.67796879470662,47.07255027018719,5.66173737114374,2.5514756608321907,0.2958135055946169,4.380157620028708
448,Pontypridd,29.4,44.5,0.0,0.0,12.8,7.5,30.747395511469104,47.03086672053687,6.929364019193872,2.068849533023889,5.710776416313045,6.63331358638178
449,Poole,58.7,20.8,15.5,3.4,0.0,0.0,59.035321272227385,21.198083882068776,14.751242599272995,3.6996167330270513,0.0,0.0006696428571428571
450,Poplar and Limehouse,15.9,63.1,14.4,3.5,0.0,2.4,17.380834077381042,61.91323065476142,13.799181845238177,4.032108184523828,0.01590625,2.1010491071428565
451,Portsmouth North,61.4,27.0,7.4,2.8,0.0,0.0,61.37215036250349,26.939217096333156,7.435568532731661,3.1183352690233583,0.000215,0.005760416666666667
452,Portsmouth South,37.3,48.6,11.4,0.0,0.0,2.1,39.31099455337924,45.460122526796425,11.029216298944302,1.2354330682473442,0.452258768455281,2.040403838934297
453,Preseli Pembrokeshire,50.4,38.5,4.6,0.0,6.5,0.0,50.06482489615681,37.469529515255836,5.651523075820072,1.5115179638634304,2.975843266337756,1.2281359732760253
454,Preston,25.8,61.8,5.1,2.0,0.0,5.3,25.828572533956063,60.762386364183406,5.276876441654877,2.4301806043860585,0.045664334433801336,5.347463551477414
455,Pudsey,48.8,42.3,5.7,1.6,0.0,0.0,48.77895669019034,41.30771457268071,4.871050052681004,2.469263677130643,0.04629200568504438,0.7121398289480518
456,Putney,35.7,45.1,16.9,2.2,0.0,0.0,41.21409531249996,30.870098958333305,25.26874791666674,1.58812656249999,0.13800520833333335,0.41890729166666596
457,Rayleigh and Wickford,72.6,16.1,7.6,3.6,0.0,0.0,72.20119161480919,16.105019435425685,7.5960139971139835,3.3036867852633423,0.0301875,0.0050416666666666665
458,Reading East,37.9,48.5,9.0,2.8,0.0,1.5,37.99588511930451,48.16246612878052,9.276518850440448,2.693635458168685,0.18896524433707654,1.4335303471520242
459,Reading West,48.4,40.2,8.9,2.5,0.0,0.0,49.25638818313768,39.06465324062404,7.970728382418178,2.1672777123262814,0.09813351821335498,0.5457663477456269
460,Redcar,46.1,37.4,4.9,1.2,0.0,7.1,41.769405545115134,39.335975738717345,5.072662487991889,1.7823352130947034,0.1373173694472792,9.290271844641143
461,Redditch,63.3,26.9,6.6,3.1,0.0,0.0,61.97628138959632,27.751736750774462,6.299748464250679,3.117231782061456,0.012859886363636363,0.014215398550724637
462,Reigate,53.9,19.5,19.4,6.0,0.0,0.0,55.54019560620006,15.604616084118923,21.745841765703513,3.31444516588716,0.0,0.01456225198412698
463,Rhondda,15.8,54.4,2.1,1.5,13.7,12.6,22.745506323450865,52.13341136580434,3.9753846106150745,1.2479417506105046,8.288098308722557,9.627669672428253
464,Ribble Valley,60.3,27.0,8.6,3.1,0.0,0.0,60.07898914601171,26.331087397585353,8.927509505661284,3.620382506509982,0.0028593749999999995,0.0011458333333333331
465,Richmond (Yorks),63.6,16.4,12.1,4.3,0.0,0.0,63.51397129945574,17.3147544461586,12.927383632762137,4.472301500805999,0.0301875,0.004395833333333333
466,Richmond Park,41.2,5.2,53.1,0.0,0.0,0.0,39.77934895833325,7.565463541666638,51.510687499999804,0.295463541666669,0.0,0.44409895833333324
467,Rochdale,31.2,51.6,7.0,2.1,0.0,8.2,31.799656940886585,51.16980356407443,6.711323993648409,2.474072290076387,0.2571262165793949,7.233413102245828
468,Rochester and Strood,60.0,27.1,7.2,2.5,0.0,0.0,61.032541134000915,27.515146101483495,6.848188712465385,3.027994194958596,0.033578636363636366,0.007791666666666666
469,Rochford and Southend East,58.7,32.0,6.1,0.0,0.0,0.0,57.76701142300548,32.62150646581648,6.081619026412707,1.7191180186834714,0.09737069396698071,0.09788281338176562
470,Romford,64.6,26.7,5.7,3.0,0.0,0.0,64.1638204538919,25.692882464369273,6.677170654832603,3.039866930471844,0.0,0.0007291666666666666
471,Romsey and Southampton North,54.2,11.5,33.1,0.0,0.0,0.0,52.10469006018654,14.362409769341403,30.18621920338961,2.0248773870388086,0.0,0.1081354166666667
473,Rossendale and Darwen,56.5,37.0,4.1,2.4,0.0,0.0,55.49335220974552,36.50967500132777,5.250525837919971,1.9202304524279945,0.051447128883716345,0.19888223460893997
474,Rother Valley,45.1,32.1,5.2,2.5,0.0,12.9,44.1701294581363,32.0889078956927,4.664127802485778,1.8821385551830594,0.17665821067731036,9.773158676201534
475,Rotherham,32.6,41.3,5.9,0.0,0.0,17.2,32.07902285073985,41.28311319839255,5.095627227949739,1.0797756482845147,0.15896685954466297,18.018631876298713
476,Rugby,57.6,31.1,8.3,3.0,0.0,0.0,57.61090801549859,30.314093961345762,8.42713300969834,3.0235383873253197,0.030665426587301578,0.01284167613110144
477,"Ruislip, Northwood and Pinner",55.6,24.6,15.1,3.1,0.0,0.0,56.02303238102389,24.350693444096624,14.72892453298483,3.5117181677187057,0.052880208333333324,0.02698437499999999
478,Runnymede and Weybridge,54.9,20.6,17.3,3.5,0.0,0.0,58.23299016039927,18.592031650343444,13.885608874232403,3.8797045314573375,0.060843749999999995,0.031270833333333324
479,Rushcliffe,47.5,34.9,15.9,0.0,0.0,0.0,51.7682309244118,32.24957032816863,11.753780238132654,2.845342243054828,0.26947048611111113,0.1146760416666667
481,Rutland and Melton,62.6,16.4,13.7,4.9,0.0,0.0,62.02565209447392,16.701330862976633,15.367293173900276,4.629664993350613,0.0,0.005174603174603174
482,Saffron Walden,63.0,13.2,19.2,4.7,0.0,0.0,60.96140403843066,13.685891839812035,19.77160337348636,4.3132668653767485,0.05534375,0.010396126443001443
483,Salford and Eccles,24.5,56.8,6.1,4.1,0.0,8.5,29.383277912658414,55.47309369915169,6.135010530003683,3.0968838368051737,0.2102790710893065,5.082401322826859
484,Salisbury,56.4,18.0,19.6,4.6,0.0,0.0,56.05942054866821,17.362633169127932,20.046079357636906,3.6791940620670034,0.0301875,0.005041666666666667
485,Scarborough and Whitby,55.5,34.8,6.1,0.0,0.0,0.0,55.58387470737009,34.85385980829929,6.058874973454557,1.4631759620646472,0.13500986353820435,0.25961265193647515
486,Scunthorpe,53.8,36.7,2.3,1.8,0.0,5.4,53.53247230680975,35.54201503501981,3.5832929952448827,1.4119162186360827,0.048977893200549454,5.564411253078954
487,Sedgefield,47.2,36.3,4.7,2.4,0.0,8.5,41.92271702495702,40.85680892848993,5.039198423493517,2.0913245708759116,0.5338501688827426,6.698022844853779
488,Sefton Central,27.8,57.5,6.7,2.5,0.0,4.8,29.167278567600082,54.29416226271645,6.62026924873483,3.10572183360957,0.3298335198160367,4.131449450657173
489,Selby and Ainsty,60.3,24.6,8.6,3.2,0.0,0.0,60.79960941118477,25.70870639183339,8.498582591571028,3.4302043649399114,0.049640625,0.0057937499999999986
490,Sevenoaks,60.7,13.6,19.8,3.9,0.0,0.0,61.680932982641146,15.216154622701604,15.12298260512661,4.697582758953911,0.0,0.014675144300144303
491,Sheffield Central,13.1,66.7,6.4,9.0,0.0,3.9,13.36885321969699,67.05844062500029,8.602525189393985,7.4668874053030105,0.02825,2.7100448863636215
492,Sheffield South East,35.9,46.1,5.1,0.0,0.0,10.7,34.96299869254121,43.51019034735582,5.093689127690127,2.0306052016610794,0.27238451228510085,12.418457637093303
493,"Sheffield, Brightside and Hillsborough",25.5,56.5,3.8,3.0,0.0,9.7,25.80017591321875,57.73096822028684,4.540794493215122,2.370072134774957,0.42916941964285676,7.954388790445692
494,"Sheffield, Hallam",25.8,34.6,33.4,2.9,0.0,2.7,27.887911458333452,36.67395312499994,28.356182291666702,2.367057291666656,1.3408645833333321,2.5262812500000025
495,"Sheffield, Heeley",30.3,50.3,6.8,4.2,0.0,8.3,31.105090153185788,50.73199392644489,6.812801847574551,3.256264253636372,0.3016297906875422,7.294814640450033
496,Sherwood,60.8,30.1,5.5,2.3,0.0,0.0,58.503187685799894,32.839778642862356,5.142732753047618,2.4089436237472883,0.030176309430512017,0.2279633718854062
497,Shipley,50.8,39.2,5.9,2.4,0.0,0.0,50.226877874747096,39.23157747103516,6.283495440656118,2.4434009623860753,0.18861638391281071,0.22978589800745688
498,Shrewsbury and Atcham,52.5,33.5,10.0,3.0,0.0,0.0,52.18993342760692,34.21336831895226,9.577069665968088,2.688979670894742,0.26497947816514317,0.19377676821959977
499,Sittingbourne and Sheppey,67.6,20.0,6.3,2.3,0.0,0.0,67.31352498225687,21.985231286745087,6.989192986811515,2.8866969424168043,0.0028593749999999995,0.007446875
500,Skipton and Ripon,59.5,19.1,14.8,4.7,0.0,0.0,60.05299643682908,19.966976137173063,13.021217812643467,4.913139348786745,0.057437499999999996,0.022325892857142864
501,Sleaford and North Hykeham,67.1,18.2,8.0,2.6,0.0,0.0,66.24469795780789,18.610389620352713,10.05173772878396,4.213019534280535,0.08553125,0.013385416666666665
502,Slough,30.9,57.6,6.6,2.1,0.0,2.8,31.620125392101603,55.530538546003065,6.349555004599304,2.613012801091605,0.13685272616527092,3.3938067819191953
503,Solihull,58.4,19.9,18.0,3.7,0.0,0.0,57.46304943831306,18.828538728233795,18.65473111546809,3.469844283776193,0.06540624999999999,0.011802083333333333
504,Somerton and Frome,55.8,12.9,26.2,5.1,0.0,0.0,56.787098237755714,11.741598207644085,27.201221536368042,3.741330960782501,0.01509375,0.008802083333333334
506,South Basildon and East Thurrock,66.2,22.2,4.3,0.0,0.0,0.0,66.30623345271914,24.375416332120075,5.681646590325621,2.7567980702704564,0.03231395833333333,0.02259375
507,South Cambridgeshire,46.3,11.7,42.0,0.0,0.0,0.0,47.47187842261892,10.758887499999956,40.92576398809531,0.3436260416666677,0.010062499999999999,0.033177083333333336
508,South Derbyshire,62.8,26.5,7.4,3.3,0.0,0.0,61.16298802394235,26.58490200677295,7.674358758515829,3.5441161514275312,0.007578125,0.0033979166666666667
509,South Dorset,58.8,25.2,10.6,4.4,0.0,0.0,59.72991000896719,25.845032756959213,9.420617724973777,3.98258091751481,0.000215,0.0029062500000000004
511,South East Cambridgeshire,50.0,16.3,32.1,0.0,0.0,0.0,50.39011942446864,15.944389836062578,31.656171616547194,0.7683738724816866,0.022640624999999998,0.010901041666666667
512,South East Cornwall,59.3,20.2,16.1,2.8,0.0,0.0,59.67494662298416,18.809592913263746,17.023744424859345,3.1970329888913858,0.037734374999999994,0.02394568452380953
513,South Holland and The Deepings,75.9,13.2,6.6,3.3,0.0,0.0,74.18296250000037,14.848612500000018,6.896072916666649,2.540711458333331,0.08049999999999999,0.013489583333333333
514,South Leicestershire,64.0,22.3,9.5,4.2,0.0,0.0,63.18424876544405,22.052800197268894,10.261389938083926,4.031258633835419,0.0,0.0
515,South Norfolk,58.0,24.0,14.0,4.0,0.0,0.0,57.651114303867715,22.994020396335777,14.490107587798228,4.011512685275247,0.0,0.0
516,South Northamptonshire,62.4,20.9,11.8,3.9,0.0,0.0,60.22446886466942,18.700554530648173,13.48565170270787,4.234479031331086,0.12578125,0.04406155303030302
517,South Ribble,55.8,35.0,6.9,2.2,0.0,0.0,55.76823978452655,33.889354747446056,6.832962552318223,2.4001175461336253,0.10304948422652221,0.18873840891516264
518,South Shields,20.3,45.6,4.0,3.4,0.0,17.0,25.018244183316614,46.0037654733806,4.333965684437083,2.4109322654428893,1.0421487126588673,16.48248976655292
519,South Staffordshire,73.0,16.5,6.6,3.9,0.0,0.0,70.76549061650054,17.65597742516925,7.583199276259193,3.61347728636437,0.0,0.0038541666666666663
520,South Suffolk,62.2,19.4,12.5,5.9,0.0,0.0,62.12199619224391,20.19278502851457,12.047600270455495,4.811722346760453,0.0,4.464285714285714e-05
521,South Swindon,52.3,39.2,8.5,0.0,0.0,0.0,51.08475567981369,38.8287023150455,6.333008970320136,2.1574587689618587,0.18017407453384796,0.46481755530854224
522,South Thanet,56.1,34.2,5.7,4.0,0.0,0.0,56.6465970795842,33.5723124140572,6.032630794768842,2.357039889774039,0.18513693901788575,0.13122191883186038
523,South West Bedfordshire,60.4,25.6,10.2,3.8,0.0,0.0,60.73330694510101,25.352986434131186,9.668237294679855,3.58279181828293,0.0,0.0009750000000000001
524,South West Devon,62.4,22.2,11.6,3.8,0.0,0.0,61.27031919556307,20.794959062593247,12.265390561144034,4.304432435205724,0.0710625,0.013706101190476192
525,South West Hertfordshire,49.6,11.8,10.2,2.4,0.0,0.0,53.802926526423725,15.368007303145808,16.893640946432303,3.224450180116624,0.0,0.000543154761904762
526,South West Norfolk,69.0,18.1,8.1,3.2,0.0,0.0,69.42685617549837,18.231059431897794,8.00432856515428,3.342277568438529,0.08154687499999999,0.010718749999999999
527,South West Surrey,53.3,7.9,38.7,0.0,0.0,0.0,51.83582190934073,8.625824234966448,38.26626113209703,0.6182897855616623,0.0301875,0.039343750000000004
528,South West Wiltshire,60.2,20.8,14.6,4.4,0.0,0.0,60.47322241788797,19.936571157799083,14.742768748906721,4.0313300327820345,0.0,0.0
529,"Southampton, Itchen",50.5,41.0,5.3,2.2,0.0,0.0,49.7255623004707,39.943281692906346,5.922129377310498,1.7851335001623445,0.18598975890659897,1.6432752917257403
530,"Southampton, Test",35.7,49.5,7.7,3.2,0.0,3.5,35.006356197218736,50.61112851221299,7.098416913848054,3.0358120295138433,0.20880926292106394,3.8196435824380983
531,Southend West,59.2,28.1,11.4,0.0,0.0,0.0,58.62497683505142,27.206917463675055,10.818783585203697,2.372935673571673,0.0,0.0029635416666666664
532,Southport,47.6,39.0,13.5,0.0,0.0,0.0,46.26057735946827,36.38064277456237,13.08695718287375,1.0516860657086091,1.1745512173988293,1.4387560088640448
533,Spelthorne,58.9,21.7,15.1,4.3,0.0,0.0,59.721298909084354,22.045093047886066,13.599036613790075,3.682562282200131,0.0,0.00396875
534,St. Albans,39.2,8.7,50.1,1.7,0.0,0.0,40.2221927083332,10.406541666666696,47.745869791666365,0.8123385416666609,0.13647916666666668,0.3605208333333326
535,St. Austell and Newquay,56.1,26.4,10.5,2.9,0.0,0.0,56.46960922176787,25.23381683890502,12.972550344135845,2.729374989702903,0.11603270833333335,0.09280191885964914
536,St. Helens North,26.6,52.3,5.6,4.1,0.0,11.3,31.330539695974196,48.856734003566004,5.711212777860972,2.6012157493673227,1.0414879065399778,9.342277057562338
537,St. Helens South and Whiston,20.5,58.5,5.7,4.5,0.0,10.6,25.07321912713009,57.3518907592203,5.430729837038979,2.4297694553863183,1.1446676156921085,6.841447251400568
538,St. Ives,49.3,6.9,41.0,1.9,0.0,0.0,53.74010915854976,9.397672104978357,33.93113470643951,0.9960837594696926,0.3314427083333333,0.6591208333333348
539,Stafford,58.6,30.5,6.2,4.6,0.0,0.0,55.66437503758737,32.72054119467209,7.333897167669079,2.714403903582841,0.3975297372153991,0.09546883339371975
540,Staffordshire Moorlands,64.6,26.9,5.7,2.8,0.0,0.0,62.87055928081528,26.383885912069946,6.2868670186496045,3.4836856757464534,0.2403854166666666,0.036173958333333325
541,Stalybridge and Hyde,38.0,44.9,4.3,3.3,0.0,8.5,38.83982753972409,44.614266746981514,5.2296998236589385,2.5310911150959545,0.17634970229604296,7.119185410134013
542,Stevenage,53.1,35.2,8.7,3.1,0.0,0.0,53.502972965772095,36.07461931384454,7.193038579216831,2.4594526771247756,0.08326407106713495,0.18533656945197147
544,Stockport,27.9,52.0,12.1,3.4,0.0,4.6,29.350268591327712,52.84661896013738,8.972095734485977,3.3968460584063713,0.4074814320881863,4.776678894113245
545,Stockton North,40.6,43.1,4.0,0.0,0.0,9.5,40.69967104726051,43.4370123609827,4.444798402993942,1.5685007302163305,0.1805454545861381,8.02174011399551
546,Stockton South,50.7,41.1,4.3,0.0,0.0,4.0,49.31953981272642,40.92259236649648,4.500140182800793,1.356750748515924,0.16968293832393086,2.5953177838807524
547,Stoke-on-Trent Central,45.4,43.3,3.5,2.6,0.0,5.3,44.355648747666635,43.30412373476991,3.9838817942890494,2.0080781932462277,0.2253749907625588,5.631773193281382
548,Stoke-on-Trent North,52.3,36.6,3.2,1.3,0.0,5.9,53.02685735358409,35.625976675777835,3.6106557021514574,1.3519575063094829,0.0378779513888889,5.788113310538121
549,Stoke-on-Trent South,62.2,33.7,4.1,0.0,0.0,0.0,61.541026383190065,32.69986284813791,4.044046829058646,0.9829699479313745,0.0005059523809523809,0.251119314169931
550,Stone,63.6,23.6,8.9,4.0,0.0,0.0,63.288280947525024,22.282184433487654,9.70084328782307,4.25074490689475,0.0,0.0
551,Stourbridge,60.3,30.6,5.5,2.3,0.0,0.0,60.45575282215955,30.32080310571993,5.609236764043438,2.6914777768289286,0.00962125,0.006162326388888888
553,Stratford-on-Avon,60.6,11.3,24.3,3.8,0.0,0.0,59.58448996583202,13.046946214012493,22.738430661168287,4.0600876028967665,0.0,0.002729707792207793
554,Streatham,16.0,54.8,23.5,4.5,0.0,1.1,16.943661111111307,57.144607986111424,19.560084027777854,4.18751284722224,0.0,1.8117618055555635
555,Stretford and Urmston,27.5,60.3,5.9,2.7,0.0,3.5,28.248591687045053,58.20911743563729,6.4429246071443185,2.8586725904854715,0.1831271360004902,3.676705100593799
556,Stroud,47.9,42.1,0.0,7.5,0.0,1.6,48.18800306830928,41.62765749731304,3.312333680317412,3.982024694307768,0.14231158023880788,1.1903397408673542
557,Suffolk Coastal,56.5,21.3,15.0,4.7,0.0,0.0,58.10888789030395,21.909796336428176,14.334281732837928,4.198306483641115,0.0,0.0012946428571428573
558,Sunderland Central,35.4,42.2,7.0,2.8,0.0,11.6,35.72280563888108,44.07211906809229,6.806856533517732,2.5627368936624375,0.20831660276285086,9.708094778445282
559,Surrey Heath,58.6,9.2,27.3,3.8,0.0,0.0,59.660641357041435,13.73311384749723,19.735155969991748,4.220598629598774,0.0,0.013002029220779221
560,Sutton and Cheam,41.7,28.4,27.9,1.9,0.0,0.0,46.70942998511938,21.545993824404803,29.03984776785695,1.604792038690466,0.0905625,0.15220833333333345
561,Sutton Coldfield,60.4,23.6,12.2,3.9,0.0,0.0,60.700773844025065,23.07698135303846,11.865115669636268,3.7557161470643763,0.007546875,0.005369791666666668
562,Swansea East,28.1,51.8,4.2,1.7,5.7,8.5,27.644952432820997,50.43122839363505,4.443623346099788,1.8450522293106213,5.138367565998742,9.446327758008634
563,Swansea West,29.0,51.6,8.4,0.0,5.5,5.5,29.424188821382604,52.2678131458125,7.62334431959224,2.0180125977221786,3.7431661024753358,4.833762932756777
564,Tamworth,66.3,23.7,5.3,2.0,0.0,0.0,66.40624404185351,23.885701390583225,5.91064819365047,2.676077439275265,0.0,0.0028125
565,Tatton,57.7,22.2,15.7,4.3,0.0,0.0,56.89889510141397,22.453092550943826,15.193067332524159,3.915188443537439,0.14529166666666668,0.019677083333333335
566,Taunton Deane,53.6,7.4,35.2,0.0,0.0,0.0,54.479218050928736,8.361664309944533,34.603613869729166,0.8065416944932109,0.0,0.040324999999999986
567,Telford,59.7,34.1,6.2,0.0,0.0,0.0,59.05106765582454,33.77215518280098,5.084126798168239,1.3119383322342466,0.002916431938159879,0.24518636967330903
568,Tewkesbury,58.4,15.2,21.8,4.6,0.0,0.0,58.722218049686596,15.200071541406668,21.17327661578047,4.160652625348789,0.0,0.0011473214285714288
569,The Cotswolds,58.0,11.6,25.0,5.4,0.0,0.0,57.834453688481496,11.478604205694715,25.746935107135137,4.287698130495449,0.02515625,0.011215025252525252
570,The Wrekin,63.5,25.2,8.3,3.0,0.0,0.0,62.03861328767864,26.254374967828618,7.658256198483939,3.2600322237697386,0.012829861111111111,0.0050034722222222225
571,Thirsk and Malton,63.0,18.5,12.0,4.0,0.0,0.0,62.51087953421899,19.12908595321587,12.692386132236129,4.239571511237722,0.10418749999999997,0.012904017857142857
572,Thornbury and Yate,57.8,8.1,34.1,0.0,0.0,0.0,55.61821274862271,8.46448994130868,34.33940758390917,0.6600158132665943,0.01509375,0.06936770833333339
573,Thurrock,58.6,34.4,3.2,1.7,0.0,0.0,51.39610706756409,34.25659017948492,5.170720678539416,1.6920033916259871,1.2710578969758728,3.8996841051572826
574,Tiverton and Honiton,60.2,19.5,14.8,3.8,0.0,0.0,60.89130264353833,19.547622228604972,14.329386520703311,4.155405741701708,0.0,0.0
575,Tonbridge and Malling,62.8,14.5,15.5,7.2,0.0,0.0,62.1980343459302,15.38182395596083,14.855338116761734,5.235764601970325,0.0,0.013966269841269842
576,Tooting,28.2,52.7,14.2,4.0,0.0,0.8,28.15108061430276,52.24578567995964,14.174024179022688,3.525750608331769,0.10801767436594208,1.5838286164037116
577,Torbay,59.2,13.0,24.0,2.5,0.0,0.0,58.05971628042117,13.87249193011856,24.423264914425886,2.0735709314990576,0.04981770833333333,0.16851711309523798
578,Torfaen,31.8,41.8,4.9,2.2,3.9,15.4,32.690397156955385,42.73223532191465,5.01876606518521,2.136390181582093,2.5215672584397555,13.429580178572806
579,Torridge and West Devon,60.1,17.2,18.3,3.5,0.0,0.0,60.32880995012241,17.659904223917874,17.40938923266198,3.5796701911778355,0.0301875,0.01811755952380953
580,Totnes,53.2,17.0,28.8,0.0,0.0,0.0,54.862422389646866,18.089699091611436,23.998035595082673,1.9065208588433455,0.10062500000000002,0.027461309523809523
581,Tottenham,11.6,76.0,6.8,4.0,0.0,1.1,11.19149771374459,76.40714955357126,6.1472022727272595,3.598722375541142,0.0,2.2174145292207856
582,Truro and Falmouth,46.0,38.3,12.1,2.9,0.0,0.0,47.35094204822929,35.65049760569302,13.215974158653857,2.2337400087759525,0.37731666666666663,0.28071386599511566
583,Tunbridge Wells,55.1,14.8,28.3,0.0,0.0,0.0,54.496340459160145,15.166782729806977,26.693256237724675,1.7867374092298118,0.01509375,0.015054608585858586
584,Twickenham,34.2,8.5,56.1,0.0,0.0,1.3,36.267135416666875,9.960953125000033,51.98211458333318,0.33223437500000097,0.13625,1.019531249999997
585,Tynemouth,39.4,48.1,6.8,2.3,0.0,3.5,37.61798704547706,47.018825709033834,6.3657941971174035,2.535069349066699,0.18720756721187592,3.6841480584095017
587,Uxbridge and South Ruislip,52.6,37.6,6.3,2.3,0.0,0.0,51.705534359065176,34.85631242939422,9.802110141489797,2.282504869430749,0.4077610190667174,0.23017740485348848
588,Vale of Clwyd,46.4,41.5,4.0,0.0,4.2,4.0,46.72205799228241,41.14726220239943,4.6638367507446885,1.3793077122057764,1.6507481154028818,3.6335946020072085
589,Vale of Glamorgan,49.8,43.3,0.0,5.9,0.0,0.0,49.58605741791179,41.35290560949562,2.9957407675221788,3.3238450624841738,0.4639550341534877,0.6641311321446627
590,Vauxhall,16.7,56.1,21.3,4.5,0.0,1.1,19.62766177849938,56.790250861291504,16.010789245129864,4.51683986291488,0.3040750946969698,2.2853024215368025
591,Wakefield,47.3,39.8,3.9,0.0,0.0,6.1,49.68215313417202,38.30808197792604,4.602634334883238,1.5579040804506128,0.3340475325603281,4.336213821634143
592,Wallasey,24.9,64.3,4.0,2.4,0.0,4.4,24.149722714871928,62.84274501713523,4.517724171401505,2.3131351742875084,0.10202007463023088,4.789120574044008
593,Walsall North,63.8,31.1,3.4,1.7,0.0,0.0,62.63946379768024,31.543826707863683,3.776290417884052,1.3868089070115028,0.002078125,0.15622645676691727
594,Walsall South,41.0,49.1,3.8,1.5,0.0,3.9,40.319875474436095,47.91630139261266,4.520007276779382,1.8449033088134907,0.07735904230995323,4.663443271336995
595,Walthamstow,12.3,76.1,5.9,3.6,0.0,1.6,11.541963140331875,75.80964389880954,6.239191608044719,3.6263181096681216,0.0,2.283933973665236
596,Wansbeck,40.3,42.3,6.3,3.0,0.0,7.8,38.01498456184151,42.27993247119809,6.043583243952918,2.6815856202618993,0.17802536241099873,8.853634638773375
597,Wantage,50.7,15.2,31.9,0.0,0.0,0.0,51.9974761442414,15.495376168398856,29.767778814499408,1.0866619641192092,0.0,0.0060014880952380945
598,Warley,27.9,58.8,4.3,2.4,0.0,6.6,28.886719027250905,56.35782320928733,4.831264977269154,2.1878347265362654,0.42260812947095155,6.508837119706435
599,Warrington North,40.9,44.2,6.6,2.7,0.0,5.6,39.62273354665865,44.278944417994424,5.627411637574453,2.311913048995652,0.268220406024737,6.1552906148654305
600,Warrington South,45.5,42.3,9.3,0.0,0.0,2.6,45.22319383738831,42.48736200842865,7.508413046396322,1.267832372861272,0.2367477436217784,2.2913400292867028
601,Warwick and Leamington,42.3,43.8,9.2,2.8,0.0,1.5,43.56342922819807,43.65346287636508,8.999990297789195,2.120406074882726,0.05470251517273575,1.1869819424982382
602,Washington and Sunderland West,32.6,42.5,5.5,2.7,0.0,14.5,33.383312041764796,42.37950178606953,5.343337402523814,2.274478121369999,0.21463726664360291,14.519857360314239
603,Watford,45.5,37.9,16.1,0.0,0.0,0.0,46.03406809991663,37.45295782648077,14.096197696895898,1.2918475223515518,0.08916465750773994,0.2705589382729304
604,Waveney,62.2,26.9,5.1,5.3,0.0,0.0,62.619562064494495,27.296815473142694,5.1532038539461045,3.9924128248721145,0.0154025,0.051757291666666656
605,Wealden,60.8,15.4,18.7,5.1,0.0,0.0,60.70836225238748,14.89717873731694,19.218322523076093,4.604635498908251,0.0,0.0012251984126984128
606,Weaver Vale,43.8,44.9,6.5,2.1,0.0,2.7,45.64356263607339,43.549839932766155,5.247223393453271,1.982607998175498,0.26304002061561765,2.470925855460121
607,Wellingborough,62.2,26.5,7.9,3.5,0.0,0.0,62.07894515618138,26.56337950138644,7.520946026299307,3.3233142792549404,0.0,0.0
608,Wells,54.1,7.0,37.9,0.0,0.0,0.0,53.236328670634805,8.034893824404753,37.17790781250019,0.33036316964285706,0.0,0.19687187499999984
609,Welwyn Hatfield,52.6,31.6,12.7,3.1,0.0,0.0,52.01950492729406,31.583135502471134,12.831755613817718,2.883055296352698,0.04647011554621848,0.025133181511470978
610,Wentworth and Dearne,35.1,40.3,4.1,0.0,0.0,16.9,32.62953129318609,40.29810648188616,4.581063172764759,0.9526456755050501,0.07876891372516374,18.47147478909976
612,West Bromwich East,46.7,42.3,3.6,1.7,0.0,4.1,44.61477127625884,43.20912294956539,3.6690110890478937,1.7019594929812556,0.044158743175399744,5.70704865914115
613,West Bromwich West,50.5,39.5,2.7,1.9,0.0,5.3,48.784921322618715,39.214012989483706,3.3106533247194445,1.7187890773349566,0.051425948094477425,6.100069639063232
614,West Dorset,55.1,9.4,32.0,3.5,0.0,0.0,55.83326162384895,10.059868407409569,30.748226025455388,2.7012762665184082,0.0,0.0072812499999999995
616,West Ham,16.3,70.1,6.9,3.0,0.0,2.8,14.681229017857179,69.36263363095236,6.437854910714289,2.882722023809525,0.0025416666666666665,3.0602941964285693
617,West Lancashire,36.3,52.1,4.9,2.4,0.0,4.3,36.08387331467453,51.187324510233054,5.372143937961928,2.426567930136451,0.11077320815558288,4.095318802024654
618,West Suffolk,65.8,20.7,9.1,4.4,0.0,0.0,65.39812760176301,20.301405464283903,9.54305402576405,4.188238878606107,0.01509375,0.006187499999999999
620,West Worcestershire,60.7,16.5,18.1,4.7,0.0,0.0,60.33545671957499,16.196905984739775,18.13428398263539,4.502874726826604,0.0,0.008903769841269839
621,Westminster North,29.1,54.2,13.0,2.5,0.0,1.0,29.03241361623746,52.35563210734765,13.075061159326857,3.2631232063679163,0.25278147644927546,1.8519877270336833
622,Westmorland and Lonsdale,45.3,4.4,48.9,0.0,0.0,1.4,45.9450458333333,6.949741666666678,44.7872885416668,0.5665802083333302,0.3553854166666666,0.9218500000000048
623,Weston-Super-Mare,57.5,26.7,12.5,3.3,0.0,0.0,57.22864022302318,26.523298481981982,12.270582468929035,3.1712844233961537,0.01530875,0.00700297619047619
624,Wigan,31.8,46.7,5.4,2.9,0.0,13.2,31.86141193570664,46.502070646182375,5.206163955385408,2.405972878570897,0.8191712910218935,11.586211185452928
625,Wimbledon,38.4,23.7,37.2,0.0,0.0,0.0,44.43410156250004,25.89848958333339,27.032333333333348,1.6243286458333268,0.09208854166666666,0.23811874999999993
626,Winchester,48.3,4.6,46.6,0.0,0.0,0.0,47.33552604166647,6.109618749999976,45.71985104166656,0.1528927083333338,0.0,0.18396354166666617
627,Windsor,58.6,15.2,21.3,3.3,0.0,0.0,56.843131168289084,14.805249562494867,21.079584254349946,3.4331615927491366,0.01509375,0.01145138888888889
628,Wirral South,37.2,51.2,6.7,2.2,0.0,2.8,34.719199663192725,43.697299226054774,6.004996499551121,2.957675265959446,0.5427447049202041,2.7934603659465838
629,Wirral West,41.2,48.2,6.3,2.2,0.0,2.0,38.83614184594292,46.39244514555874,6.2176995495995255,2.3579154472883954,0.47403250424621585,2.657483721821508
630,Witham,66.6,17.8,9.3,6.3,0.0,0.0,66.10022415634468,18.269879792229606,10.07369694248107,4.979448354857554,0.02515625,0.008177083333333333
631,Witney,55.2,14.3,30.5,0.0,0.0,0.0,53.80612530513295,13.710350066273554,30.296368491598233,1.2540994115922885,0.04025,0.018927083333333337
632,Woking,48.9,16.4,30.8,2.8,0.0,0.0,50.07759268465935,16.357778711117305,30.727448276998544,1.5539860260297322,0.01509375,0.01655729166666666
633,Wokingham,49.6,10.4,37.7,2.2,0.0,0.0,52.25639238076568,13.278047361094755,30.235677842041465,2.0406190523783807,0.0,0.004781249999999999
634,Wolverhampton North East,52.4,40.4,1.4,1.8,0.0,3.9,44.573367514050354,42.95733587645502,3.912396290540869,1.7466904299905184,0.0805575557121912,6.03791066894161
635,Wolverhampton South East,42.7,46.4,3.0,1.6,0.0,6.3,42.137624193002566,45.27765127815415,3.7063221956771826,1.6995399848877366,0.045821848359125325,6.392318237033141
636,Wolverhampton South West,48.3,44.3,5.0,0.0,0.0,2.5,46.720001032198425,43.68918722345701,5.165318420574993,1.1777609809767424,0.1029546163671962,2.8232088618886735
637,Worcester,50.8,37.5,7.2,3.3,0.0,0.0,50.68949712566797,38.45192077202483,6.80071054933946,2.458436907230312,0.12883510683269261,0.3803633695162106
638,Workington,49.3,39.2,3.7,1.4,0.0,4.2,46.7368052047207,38.84863053540046,4.567097794934239,1.6122168727252957,0.5267487155914402,4.977900457493193
639,Worsley and Eccles South,38.7,45.6,5.6,2.9,0.0,7.2,39.14498266797032,44.728406340832535,5.22688731585112,2.3963551676745656,0.22762763317020857,6.696389609311381
640,Worthing West,55.8,28.6,11.0,3.7,0.0,0.0,57.16073031961789,26.821179021971613,11.619678736264797,3.4463541725882716,0.003812499999999999,0.004340625
641,Wrexham,45.3,39.0,4.3,1.3,6.4,3.6,45.857803731995034,40.17524413491782,5.102662869269755,1.2875414501794098,3.360782196813685,3.7781345696835325
642,Wycombe,45.2,37.5,11.9,2.7,0.0,0.0,46.954071414687235,36.2791772342789,12.939431125060986,2.266472649271429,0.10880729166666665,0.06288604305964506
643,Wyre and Preston North,59.7,28.0,8.4,3.3,0.0,0.0,59.3695979908816,27.057174444282374,9.210026062081095,3.478929738742936,0.004203124999999999,0.00210625
644,Wyre Forest,65.2,22.8,8.1,3.9,0.0,0.0,62.94379146056706,25.372720024707306,7.36215303634871,3.3758191967004194,0.06867333333333332,0.015837462797619047
645,Wythenshawe and Sale East,30.0,53.2,6.9,3.5,0.0,6.1,30.60274085489669,53.24765418377795,7.14093555813763,3.261959935886874,0.35957055388592957,5.081464217954281
646,Yeovil,58.4,6.3,31.1,2.7,0.0,0.0,57.94731643894254,8.350339301497147,30.2583321563852,2.170026197240259,0.0,0.1588854166666662
647,Ynys Mn,35.5,30.1,0.0,0.0,28.5,6.0,32.367359375000134,29.10363541666694,1.1030416666666636,0.16019791666666652,30.932932291666187,5.7173802083333225
648,York Central,27.8,55.2,8.4,4.3,0.0,3.0,28.189229022794517,55.07137530690177,8.645481397198472,3.8936943099152344,0.2971835907394614,3.254682335807905
649,York Outer,49.4,31.3,18.1,0.0,0.0,0.0,49.119311383928554,30.712190290178683,17.401295684523802,1.5918276413690438,0.043194196428571426,0.05593750000000001
